Mean Score,Test Scores,True Label,Predicted Label
0.5049775235101543,0.5049802863664661,0,1
_,_,0,1
_,_,0,0
_,_,0,1
_,_,0,1
_,_,0,0
_,_,0,0
_,_,0,1
_,_,0,0
_,_,0,1
_,_,0,0
_,_,0,0
_,_,0,1
_,_,0,0
_,_,0,1
_,_,0,1
_,_,0,1
_,_,0,0
_,_,0,0
_,_,0,0
_,_,0,1
_,_,0,1
_,_,0,1
_,_,0,0
_,_,0,1
_,_,0,0
_,_,0,1
_,_,0,1
_,_,0,1
_,_,0,1
_,_,0,1
_,_,0,1
_,_,0,0
_,_,0,0
_,_,0,0
_,_,0,1
_,_,0,1
_,_,0,0
_,_,0,0
_,_,0,1
_,_,0,1
_,_,0,1
_,_,0,1
_,_,0,1
_,_,0,1
_,_,0,0
_,_,0,0
_,_,0,1
_,_,0,1
_,_,0,1
_,_,0,1
_,_,0,1
_,_,0,1
_,_,0,0
_,_,0,0
_,_,0,1
_,_,0,1
_,_,0,1
_,_,0,0
_,_,0,1
_,_,0,0
_,_,0,1
_,_,0,1
_,_,0,1
_,_,0,0
_,_,0,1
_,_,0,0
_,_,0,1
_,_,0,1
_,_,0,1
_,_,0,1
_,_,0,0
_,_,0,1
_,_,0,1
_,_,0,1
_,_,0,1
_,_,0,0
_,_,0,0
_,_,0,1
_,_,0,1
_,_,0,1
_,_,0,1
_,_,0,1
_,_,0,0
_,_,0,1
_,_,0,0
_,_,0,1
_,_,0,1
_,_,0,0
_,_,0,1
_,_,0,1
_,_,0,1
_,_,0,1
_,_,0,0
_,_,0,1
_,_,0,0
_,_,0,1
_,_,0,1
_,_,0,1
_,_,0,1
_,_,0,1
_,_,0,0
_,_,0,1
_,_,0,1
_,_,0,1
_,_,0,1
_,_,0,1
_,_,0,1
_,_,0,1
_,_,0,1
_,_,0,1
_,_,0,1
_,_,0,1
_,_,0,1
_,_,0,1
_,_,0,0
_,_,0,1
_,_,0,1
_,_,0,0
_,_,0,1
_,_,0,1
_,_,0,0
_,_,0,1
_,_,0,1
_,_,0,1
_,_,0,0
_,_,0,0
_,_,0,1
_,_,0,1
_,_,0,1
_,_,0,1
_,_,0,0
_,_,0,1
_,_,0,1
_,_,0,1
_,_,0,0
_,_,0,0
_,_,0,1
_,_,0,1
_,_,0,0
_,_,0,0
_,_,0,1
_,_,0,1
_,_,0,0
_,_,0,0
_,_,0,1
_,_,0,0
_,_,0,0
_,_,0,0
_,_,0,1
_,_,0,1
_,_,0,1
_,_,0,0
_,_,0,1
_,_,0,1
_,_,0,1
_,_,0,1
_,_,0,0
_,_,0,0
_,_,0,1
_,_,0,0
_,_,0,1
_,_,0,1
_,_,0,0
_,_,0,1
_,_,0,0
_,_,0,1
_,_,0,1
_,_,0,1
_,_,0,1
_,_,0,1
_,_,0,0
_,_,0,0
_,_,0,1
_,_,0,0
_,_,0,1
_,_,0,0
_,_,0,0
_,_,0,1
_,_,0,1
_,_,0,1
_,_,0,0
_,_,0,1
_,_,0,0
_,_,0,1
_,_,0,0
_,_,0,1
_,_,0,1
_,_,0,0
_,_,0,1
_,_,0,1
_,_,0,1
_,_,0,0
_,_,0,1
_,_,0,1
_,_,0,1
_,_,0,1
_,_,0,1
_,_,0,0
_,_,0,0
_,_,0,0
_,_,0,1
_,_,0,0
_,_,0,1
_,_,0,1
_,_,0,0
_,_,0,1
_,_,0,0
_,_,0,1
_,_,0,1
_,_,0,1
_,_,0,1
_,_,0,0
_,_,0,0
_,_,0,1
_,_,0,1
_,_,0,0
_,_,0,1
_,_,0,1
_,_,0,1
_,_,0,1
_,_,0,1
_,_,0,0
_,_,0,1
_,_,0,1
_,_,0,0
_,_,0,1
_,_,0,0
_,_,0,1
_,_,0,1
_,_,0,0
_,_,0,1
_,_,0,0
_,_,0,0
_,_,0,1
_,_,0,1
_,_,0,0
_,_,0,1
_,_,0,1
_,_,0,1
_,_,0,1
_,_,0,0
_,_,0,1
_,_,0,0
_,_,0,1
_,_,0,0
_,_,0,1
_,_,0,1
_,_,0,1
_,_,0,0
_,_,0,1
_,_,0,1
_,_,0,1
_,_,0,1
_,_,0,1
_,_,0,1
_,_,0,0
_,_,0,1
_,_,0,0
_,_,0,1
_,_,0,0
_,_,0,0
_,_,0,0
_,_,0,1
_,_,0,1
_,_,0,1
_,_,0,1
_,_,0,1
_,_,0,0
_,_,0,0
_,_,0,0
_,_,0,1
_,_,0,1
_,_,0,1
_,_,0,1
_,_,0,1
_,_,0,0
_,_,0,0
_,_,0,0
_,_,0,1
_,_,0,1
_,_,0,0
_,_,0,0
_,_,0,1
_,_,0,1
_,_,0,0
_,_,0,1
_,_,0,1
_,_,0,1
_,_,0,1
_,_,0,0
_,_,0,0
_,_,0,0
_,_,0,1
_,_,0,0
_,_,0,0
_,_,0,0
_,_,0,0
_,_,0,1
_,_,0,1
_,_,0,0
_,_,0,1
_,_,0,1
_,_,0,0
_,_,0,0
_,_,0,1
_,_,0,1
_,_,0,1
_,_,0,1
_,_,0,1
_,_,0,1
_,_,0,1
_,_,0,0
_,_,0,1
_,_,0,0
_,_,0,0
_,_,0,1
_,_,0,1
_,_,0,1
_,_,0,0
_,_,0,0
_,_,0,0
_,_,0,1
_,_,0,1
_,_,0,0
_,_,0,1
_,_,0,0
_,_,0,0
_,_,0,1
_,_,0,0
_,_,0,1
_,_,0,0
_,_,0,1
_,_,0,1
_,_,0,1
_,_,0,1
_,_,0,0
_,_,0,0
_,_,0,0
_,_,0,1
_,_,0,0
_,_,0,0
_,_,0,0
_,_,0,1
_,_,0,1
_,_,0,0
_,_,0,0
_,_,0,1
_,_,0,1
_,_,0,1
_,_,0,1
_,_,0,1
_,_,0,1
_,_,0,1
_,_,0,1
_,_,0,1
_,_,0,1
_,_,0,0
_,_,0,1
_,_,0,0
_,_,0,1
_,_,0,1
_,_,0,1
_,_,0,1
_,_,0,1
_,_,0,1
_,_,0,1
_,_,0,1
_,_,0,0
_,_,0,1
_,_,0,0
_,_,0,1
_,_,0,1
_,_,0,1
_,_,0,0
_,_,0,0
_,_,0,0
_,_,0,0
_,_,0,1
_,_,0,0
_,_,0,0
_,_,0,1
_,_,0,1
_,_,0,0
_,_,0,1
_,_,0,1
_,_,0,1
_,_,0,1
_,_,0,1
_,_,0,1
_,_,0,1
_,_,0,1
_,_,0,1
_,_,0,1
_,_,0,1
_,_,0,0
_,_,0,1
_,_,0,1
_,_,0,1
_,_,0,1
_,_,0,1
_,_,0,1
_,_,0,0
_,_,0,1
_,_,0,0
_,_,0,1
_,_,0,1
_,_,0,0
_,_,0,1
_,_,0,1
_,_,0,1
_,_,0,1
_,_,0,0
_,_,0,0
_,_,0,1
_,_,0,1
_,_,0,1
_,_,0,1
_,_,0,0
_,_,0,0
_,_,0,1
_,_,0,1
_,_,0,1
_,_,0,1
_,_,0,1
_,_,0,1
_,_,0,0
_,_,0,0
_,_,0,1
_,_,0,1
_,_,0,1
_,_,0,0
_,_,0,1
_,_,0,0
_,_,0,0
_,_,0,1
_,_,0,1
_,_,0,1
_,_,0,1
_,_,0,1
_,_,0,0
_,_,0,0
_,_,0,0
_,_,0,0
_,_,0,1
_,_,0,0
_,_,0,1
_,_,0,1
_,_,0,0
_,_,0,0
_,_,0,1
_,_,0,1
_,_,0,1
_,_,0,1
_,_,0,1
_,_,0,1
_,_,0,1
_,_,0,0
_,_,0,0
_,_,0,0
_,_,0,1
_,_,0,1
_,_,0,1
_,_,0,1
_,_,0,1
_,_,0,1
_,_,0,1
_,_,0,0
_,_,0,1
_,_,0,1
_,_,0,1
_,_,0,0
_,_,0,0
_,_,0,0
_,_,0,0
_,_,0,0
_,_,0,1
_,_,0,1
_,_,0,1
_,_,0,1
_,_,0,1
_,_,0,1
_,_,0,1
_,_,0,1
_,_,0,1
_,_,0,0
_,_,0,1
_,_,0,1
_,_,0,0
_,_,0,0
_,_,0,1
_,_,0,1
_,_,0,1
_,_,0,0
_,_,0,0
_,_,0,1
_,_,0,1
_,_,0,1
_,_,0,1
_,_,0,0
_,_,0,0
_,_,0,1
_,_,0,1
_,_,0,1
_,_,0,1
_,_,0,1
_,_,0,0
_,_,0,0
_,_,0,0
_,_,0,1
_,_,0,1
_,_,0,1
_,_,0,0
_,_,0,0
_,_,0,1
_,_,0,0
_,_,0,0
_,_,0,1
_,_,0,1
_,_,0,1
_,_,0,0
_,_,0,1
_,_,0,1
_,_,0,0
_,_,0,1
_,_,0,0
_,_,0,1
_,_,0,0
_,_,0,1
_,_,0,0
_,_,0,1
_,_,0,1
_,_,0,1
_,_,0,0
_,_,0,1
_,_,0,0
_,_,0,1
_,_,0,0
_,_,0,0
_,_,0,1
_,_,0,1
_,_,0,0
_,_,0,1
_,_,0,1
_,_,0,0
_,_,0,0
_,_,0,0
_,_,0,1
_,_,0,0
_,_,0,1
_,_,0,1
_,_,0,1
_,_,0,1
_,_,0,0
_,_,0,0
_,_,0,1
_,_,0,0
_,_,0,0
_,_,0,1
_,_,0,0
_,_,0,1
_,_,0,0
_,_,0,1
_,_,0,1
_,_,0,1
_,_,0,1
_,_,0,1
_,_,0,1
_,_,0,1
_,_,0,0
_,_,0,0
_,_,0,0
_,_,0,1
_,_,0,1
_,_,0,1
_,_,0,1
_,_,0,0
_,_,0,0
_,_,0,1
_,_,0,1
_,_,0,1
_,_,0,0
_,_,0,1
_,_,0,1
_,_,0,1
_,_,0,1
_,_,0,0
_,_,0,1
_,_,0,1
_,_,0,1
_,_,0,1
_,_,0,1
_,_,0,0
_,_,0,1
_,_,0,0
_,_,0,1
_,_,0,1
_,_,0,1
_,_,0,1
_,_,0,1
_,_,0,1
_,_,0,1
_,_,0,1
_,_,0,1
_,_,0,1
_,_,0,0
_,_,0,1
_,_,0,1
_,_,0,1
_,_,0,1
_,_,0,1
_,_,0,1
_,_,0,1
_,_,0,1
_,_,0,1
_,_,0,1
_,_,0,1
_,_,0,1
_,_,0,1
_,_,0,0
_,_,0,1
_,_,0,1
_,_,0,1
_,_,0,0
_,_,0,1
_,_,0,1
_,_,0,0
_,_,0,0
_,_,0,1
_,_,0,1
_,_,0,1
_,_,0,1
_,_,0,1
_,_,0,0
_,_,0,1
_,_,0,0
_,_,0,1
_,_,0,1
_,_,0,0
_,_,0,1
_,_,0,1
_,_,0,1
_,_,0,0
_,_,0,0
_,_,0,0
_,_,0,0
_,_,0,0
_,_,0,1
_,_,0,1
_,_,0,1
_,_,0,1
_,_,0,1
_,_,0,0
_,_,0,1
_,_,0,1
_,_,0,1
_,_,0,0
_,_,0,1
_,_,0,1
_,_,0,0
_,_,0,1
_,_,0,0
_,_,0,0
_,_,0,0
_,_,0,1
_,_,0,1
_,_,0,1
_,_,0,1
_,_,0,0
_,_,0,1
_,_,0,0
_,_,0,1
_,_,0,0
_,_,0,0
_,_,0,1
_,_,0,0
_,_,0,0
_,_,0,1
_,_,0,1
_,_,0,0
_,_,0,1
_,_,0,1
_,_,0,0
_,_,0,1
_,_,0,0
_,_,0,1
_,_,0,1
_,_,0,1
_,_,0,1
_,_,0,0
_,_,0,1
_,_,0,0
_,_,0,1
_,_,0,1
_,_,0,1
_,_,0,0
_,_,0,1
_,_,0,0
_,_,0,1
_,_,0,1
_,_,0,0
_,_,0,1
_,_,0,1
_,_,0,0
_,_,0,0
_,_,0,1
_,_,0,1
_,_,0,0
_,_,0,0
_,_,0,1
_,_,0,1
_,_,0,1
_,_,0,1
_,_,0,1
_,_,0,1
_,_,0,1
_,_,0,1
_,_,0,0
_,_,0,1
_,_,0,0
_,_,0,0
_,_,0,0
_,_,0,1
_,_,0,0
_,_,0,0
_,_,0,1
_,_,0,1
_,_,0,0
_,_,0,0
_,_,0,1
_,_,0,1
_,_,0,1
_,_,0,0
_,_,0,1
_,_,0,1
_,_,0,0
_,_,0,1
_,_,0,1
_,_,0,0
_,_,0,1
_,_,0,1
_,_,0,1
_,_,0,1
_,_,0,1
_,_,0,1
_,_,0,1
_,_,0,0
_,_,0,1
_,_,0,1
_,_,0,0
_,_,0,1
_,_,0,1
_,_,0,1
_,_,0,1
_,_,0,0
_,_,0,1
_,_,0,1
_,_,0,1
_,_,0,0
_,_,0,1
_,_,0,1
_,_,0,1
_,_,0,0
_,_,0,0
_,_,0,1
_,_,0,1
_,_,0,1
_,_,0,1
_,_,0,1
_,_,0,1
_,_,0,1
_,_,0,1
_,_,0,0
_,_,0,1
_,_,0,0
_,_,0,1
_,_,0,1
_,_,0,0
_,_,0,0
_,_,0,1
_,_,0,1
_,_,0,1
_,_,0,0
_,_,0,0
_,_,0,1
_,_,0,0
_,_,0,0
_,_,0,1
_,_,0,0
_,_,0,1
_,_,0,1
_,_,0,0
_,_,0,0
_,_,0,1
_,_,0,1
_,_,0,0
_,_,0,0
_,_,0,1
_,_,0,1
_,_,0,1
_,_,0,1
_,_,0,1
_,_,0,1
_,_,0,0
_,_,0,0
_,_,0,1
_,_,0,1
_,_,0,1
_,_,0,1
_,_,0,1
_,_,0,1
_,_,0,0
_,_,0,1
_,_,0,1
_,_,0,0
_,_,0,1
_,_,0,1
_,_,0,1
_,_,0,1
_,_,0,0
_,_,0,0
_,_,0,0
_,_,0,1
_,_,0,0
_,_,0,1
_,_,0,0
_,_,0,1
_,_,0,0
_,_,0,0
_,_,0,1
_,_,0,1
_,_,0,0
_,_,0,1
_,_,0,1
_,_,0,0
_,_,0,0
_,_,0,1
_,_,0,0
_,_,0,1
_,_,0,1
_,_,0,0
_,_,0,0
_,_,0,1
_,_,0,0
_,_,0,0
_,_,0,0
_,_,0,1
_,_,0,0
_,_,0,0
_,_,0,1
_,_,0,1
_,_,0,0
_,_,0,1
_,_,0,0
_,_,0,1
_,_,0,1
_,_,0,1
_,_,0,1
_,_,0,1
_,_,0,1
_,_,0,1
_,_,0,1
_,_,0,1
_,_,0,1
_,_,0,0
_,_,0,0
_,_,0,1
_,_,0,1
_,_,0,1
_,_,0,0
_,_,0,0
_,_,0,1
_,_,0,0
_,_,0,1
_,_,0,0
_,_,0,1
_,_,0,1
_,_,0,0
_,_,0,1
_,_,0,1
_,_,0,1
_,_,0,1
_,_,0,0
_,_,0,0
_,_,0,1
_,_,0,0
_,_,0,1
_,_,0,1
_,_,0,1
_,_,0,0
_,_,0,0
_,_,0,0
_,_,0,0
_,_,0,1
_,_,0,0
_,_,0,1
_,_,0,0
_,_,0,0
_,_,0,1
_,_,0,0
_,_,0,1
_,_,0,1
_,_,0,1
_,_,0,1
_,_,0,0
_,_,0,0
_,_,0,1
_,_,0,1
_,_,0,1
_,_,0,0
_,_,0,1
_,_,0,0
_,_,0,0
_,_,0,1
_,_,0,1
_,_,0,0
_,_,0,0
_,_,0,0
_,_,0,1
_,_,0,1
_,_,0,1
_,_,0,0
_,_,0,0
_,_,0,1
_,_,0,0
_,_,0,0
_,_,0,1
_,_,0,0
_,_,0,1
_,_,0,0
_,_,0,1
_,_,0,0
_,_,0,1
_,_,0,1
_,_,0,0
_,_,0,1
_,_,0,0
_,_,0,1
_,_,0,0
_,_,0,0
_,_,0,1
_,_,0,1
_,_,0,0
_,_,0,1
_,_,0,1
_,_,0,0
_,_,0,1
_,_,0,0
_,_,0,1
_,_,0,1
_,_,0,1
_,_,0,0
_,_,0,1
_,_,0,0
_,_,0,1
_,_,0,1
_,_,0,1
_,_,0,1
_,_,0,1
_,_,0,0
_,_,0,0
_,_,0,0
_,_,0,1
_,_,0,0
_,_,0,1
_,_,0,1
_,_,0,0
_,_,0,1
_,_,0,0
_,_,0,1
_,_,0,1
_,_,0,1
_,_,0,1
_,_,0,1
_,_,0,1
_,_,0,0
_,_,0,0
_,_,0,1
_,_,0,1
_,_,0,1
_,_,0,1
_,_,0,1
_,_,0,1
_,_,0,0
_,_,0,1
_,_,0,1
_,_,0,1
_,_,0,0
_,_,0,1
_,_,0,1
_,_,0,0
_,_,0,1
_,_,0,1
_,_,0,1
_,_,0,1
_,_,0,0
_,_,0,1
_,_,0,1
_,_,0,1
_,_,0,1
_,_,0,0
_,_,0,1
_,_,0,1
_,_,0,1
_,_,0,1
_,_,0,1
_,_,0,0
_,_,0,0
_,_,0,0
_,_,0,0
_,_,0,1
_,_,0,1
_,_,0,0
_,_,0,1
_,_,0,0
_,_,0,0
_,_,0,1
_,_,0,1
_,_,0,1
_,_,0,1
_,_,0,0
_,_,0,0
_,_,0,0
_,_,0,1
_,_,0,0
_,_,0,0
_,_,0,0
_,_,0,1
_,_,0,0
_,_,0,1
_,_,0,1
_,_,0,0
_,_,0,1
_,_,0,0
_,_,0,0
_,_,0,1
_,_,0,1
_,_,0,1
_,_,0,1
_,_,0,1
_,_,0,0
_,_,0,0
_,_,0,0
_,_,0,1
_,_,0,1
_,_,0,1
_,_,0,0
_,_,0,1
_,_,0,0
_,_,0,1
_,_,0,1
_,_,0,1
_,_,0,1
_,_,0,0
_,_,0,1
_,_,0,1
_,_,0,1
_,_,0,0
_,_,0,1
_,_,0,1
_,_,0,1
_,_,0,1
_,_,0,0
_,_,0,1
_,_,0,1
_,_,0,1
_,_,0,1
_,_,0,1
_,_,0,1
_,_,0,1
_,_,0,1
_,_,0,0
_,_,0,1
_,_,0,0
_,_,0,1
_,_,0,0
_,_,0,0
_,_,0,1
_,_,0,1
_,_,0,1
_,_,0,1
_,_,0,0
_,_,0,1
_,_,0,1
_,_,0,0
_,_,0,1
_,_,0,1
_,_,0,1
_,_,0,0
_,_,0,1
_,_,0,1
_,_,0,1
_,_,0,0
_,_,0,1
_,_,0,1
_,_,0,0
_,_,0,0
_,_,0,1
_,_,0,1
_,_,0,1
_,_,0,0
_,_,0,0
_,_,0,0
_,_,0,1
_,_,0,1
_,_,0,0
_,_,0,1
_,_,0,1
_,_,0,1
_,_,0,0
_,_,0,1
_,_,0,0
_,_,0,0
_,_,0,1
_,_,0,1
_,_,0,1
_,_,0,1
_,_,0,0
_,_,0,1
_,_,0,1
_,_,0,1
_,_,0,1
_,_,0,1
_,_,0,1
_,_,0,0
_,_,0,1
_,_,0,0
_,_,0,1
_,_,0,1
_,_,0,1
_,_,0,0
_,_,0,0
_,_,0,1
_,_,0,1
_,_,0,0
_,_,0,1
_,_,0,1
_,_,0,0
_,_,0,0
_,_,0,1
_,_,0,1
_,_,0,1
_,_,0,0
_,_,0,0
_,_,0,0
_,_,0,1
_,_,0,1
_,_,0,1
_,_,0,1
_,_,0,0
_,_,0,1
_,_,0,0
_,_,0,0
_,_,0,0
_,_,0,0
_,_,0,1
_,_,0,1
_,_,0,0
_,_,0,0
_,_,0,1
_,_,0,1
_,_,0,1
_,_,0,1
_,_,0,0
_,_,0,0
_,_,0,0
_,_,0,1
_,_,0,1
_,_,0,1
_,_,0,1
_,_,0,1
_,_,0,1
_,_,0,0
_,_,0,1
_,_,0,1
_,_,0,1
_,_,0,0
_,_,0,0
_,_,0,0
_,_,0,0
_,_,0,1
_,_,0,1
_,_,0,0
_,_,0,1
_,_,0,1
_,_,0,1
_,_,0,1
_,_,0,1
_,_,0,0
_,_,0,1
_,_,0,0
_,_,0,1
_,_,0,0
_,_,0,0
_,_,0,0
_,_,0,0
_,_,0,0
_,_,0,0
_,_,0,1
_,_,0,1
_,_,0,1
_,_,0,0
_,_,0,1
_,_,0,0
_,_,0,1
_,_,0,0
_,_,0,1
_,_,0,1
_,_,0,0
_,_,0,1
_,_,0,1
_,_,0,1
_,_,0,1
_,_,0,1
_,_,0,1
_,_,0,1
_,_,0,1
_,_,0,1
_,_,0,0
_,_,0,0
_,_,0,1
_,_,0,0
_,_,0,0
_,_,0,1
_,_,0,1
_,_,0,0
_,_,0,1
_,_,0,0
_,_,0,1
_,_,0,1
_,_,0,0
_,_,0,1
_,_,0,1
_,_,0,1
_,_,0,1
_,_,0,1
_,_,0,1
_,_,0,1
_,_,0,1
_,_,0,1
_,_,0,0
_,_,0,0
_,_,0,0
_,_,0,1
_,_,0,0
_,_,0,1
_,_,0,1
_,_,0,1
_,_,0,1
_,_,0,1
_,_,0,0
_,_,0,1
_,_,0,0
_,_,0,0
_,_,0,1
_,_,0,0
_,_,0,1
_,_,0,1
_,_,0,1
_,_,0,0
_,_,0,0
_,_,0,1
_,_,0,0
_,_,0,1
_,_,0,1
_,_,0,1
_,_,0,1
_,_,0,1
_,_,0,1
_,_,0,0
_,_,0,1
_,_,0,1
_,_,0,0
_,_,0,0
_,_,0,0
_,_,0,1
_,_,0,1
_,_,0,1
_,_,0,1
_,_,0,1
_,_,0,0
_,_,0,1
_,_,0,1
_,_,0,1
_,_,0,1
_,_,0,1
_,_,0,1
_,_,0,1
_,_,0,0
_,_,0,1
_,_,0,1
_,_,0,0
_,_,0,1
_,_,0,1
_,_,0,1
_,_,0,0
_,_,0,0
_,_,0,1
_,_,0,0
_,_,0,0
_,_,0,0
_,_,0,1
_,_,0,1
_,_,0,1
_,_,0,1
_,_,0,1
_,_,0,1
_,_,0,1
_,_,0,0
_,_,0,0
_,_,0,1
_,_,0,1
_,_,0,1
_,_,0,1
_,_,0,1
_,_,0,1
_,_,0,0
_,_,0,1
_,_,0,1
_,_,0,1
_,_,0,1
_,_,0,0
_,_,0,1
_,_,0,0
_,_,0,0
_,_,0,1
_,_,0,1
_,_,0,1
_,_,0,1
_,_,0,1
_,_,0,1
_,_,0,1
_,_,0,1
_,_,0,0
_,_,0,1
_,_,0,1
_,_,0,1
_,_,0,1
_,_,0,1
_,_,0,1
_,_,0,1
_,_,0,1
_,_,0,1
_,_,0,1
_,_,0,1
_,_,0,1
_,_,0,0
_,_,0,0
_,_,0,0
_,_,0,0
_,_,0,1
_,_,0,1
_,_,0,1
_,_,0,1
_,_,0,1
_,_,0,0
_,_,0,0
_,_,0,1
_,_,0,1
_,_,0,0
_,_,0,1
_,_,0,0
_,_,0,1
_,_,0,1
_,_,0,0
_,_,0,0
_,_,0,0
_,_,0,1
_,_,0,1
_,_,0,0
_,_,0,1
_,_,0,1
_,_,0,1
_,_,0,0
_,_,0,1
_,_,0,0
_,_,0,0
_,_,0,0
_,_,0,1
_,_,0,0
_,_,0,0
_,_,0,1
_,_,0,1
_,_,0,0
_,_,0,1
_,_,0,1
_,_,0,1
_,_,0,0
_,_,0,0
_,_,0,0
_,_,0,1
_,_,0,1
_,_,0,1
_,_,0,0
_,_,0,0
_,_,0,0
_,_,0,0
_,_,0,0
_,_,0,1
_,_,0,1
_,_,0,0
_,_,0,1
_,_,0,1
_,_,0,1
_,_,0,1
_,_,0,0
_,_,0,1
_,_,0,1
_,_,0,1
_,_,0,1
_,_,0,0
_,_,0,0
_,_,0,1
_,_,0,1
_,_,0,0
_,_,0,1
_,_,0,1
_,_,0,1
_,_,0,0
_,_,0,1
_,_,0,1
_,_,0,0
_,_,0,1
_,_,0,1
_,_,0,1
_,_,0,0
_,_,0,1
_,_,0,0
_,_,0,0
_,_,0,1
_,_,0,1
_,_,0,1
_,_,0,1
_,_,0,0
_,_,0,1
_,_,0,1
_,_,0,1
_,_,0,0
_,_,0,1
_,_,0,1
_,_,0,1
_,_,0,1
_,_,0,1
_,_,0,1
_,_,0,0
_,_,0,1
_,_,0,0
_,_,0,0
_,_,0,1
_,_,0,1
_,_,0,1
_,_,0,0
_,_,0,1
_,_,0,1
_,_,0,1
_,_,0,0
_,_,0,1
_,_,0,1
_,_,0,1
_,_,0,1
_,_,0,0
_,_,0,1
_,_,0,0
_,_,0,1
_,_,0,1
_,_,0,1
_,_,0,0
_,_,0,1
_,_,0,0
_,_,0,1
_,_,0,1
_,_,0,1
_,_,0,1
_,_,0,0
_,_,0,1
_,_,0,0
_,_,0,1
_,_,0,1
_,_,0,1
_,_,0,1
_,_,0,0
_,_,0,1
_,_,0,0
_,_,0,1
_,_,0,0
_,_,0,0
_,_,0,1
_,_,0,1
_,_,0,1
_,_,0,1
_,_,0,1
_,_,0,1
_,_,0,0
_,_,0,0
_,_,0,1
_,_,0,0
_,_,0,0
_,_,0,0
_,_,0,0
_,_,0,1
_,_,0,1
_,_,0,1
_,_,0,1
_,_,0,0
_,_,0,1
_,_,0,1
_,_,0,1
_,_,0,0
_,_,0,1
_,_,0,1
_,_,0,0
_,_,0,1
_,_,0,1
_,_,0,0
_,_,0,1
_,_,0,1
_,_,0,1
_,_,0,1
_,_,0,0
_,_,0,1
_,_,0,1
_,_,0,1
_,_,0,0
_,_,0,1
_,_,0,1
_,_,0,1
_,_,0,1
_,_,0,1
_,_,0,0
_,_,0,1
_,_,0,0
_,_,0,0
_,_,0,0
_,_,0,0
_,_,0,1
_,_,0,1
_,_,0,0
_,_,0,1
_,_,0,0
_,_,0,0
_,_,0,1
_,_,0,1
_,_,0,1
_,_,0,1
_,_,0,0
_,_,0,1
_,_,0,1
_,_,0,1
_,_,0,1
_,_,0,0
_,_,0,0
_,_,0,1
_,_,0,1
_,_,0,1
_,_,0,0
_,_,0,1
_,_,0,0
_,_,0,1
_,_,0,1
_,_,0,0
_,_,0,0
_,_,0,0
_,_,0,0
_,_,0,0
_,_,0,1
_,_,0,0
_,_,0,0
_,_,0,0
_,_,0,1
_,_,0,0
_,_,0,1
_,_,0,1
_,_,0,1
_,_,0,1
_,_,0,1
_,_,0,1
_,_,0,0
_,_,0,1
_,_,0,0
_,_,0,0
_,_,0,1
_,_,0,1
_,_,0,0
_,_,0,1
_,_,0,0
_,_,0,1
_,_,0,1
_,_,0,1
_,_,0,0
_,_,0,1
_,_,0,0
_,_,0,1
_,_,0,0
_,_,0,1
_,_,0,1
_,_,0,1
_,_,0,0
_,_,0,1
_,_,0,1
_,_,0,1
_,_,0,1
_,_,0,1
_,_,0,0
_,_,0,1
_,_,0,1
_,_,0,1
_,_,0,0
_,_,0,0
_,_,0,1
_,_,0,1
_,_,0,1
_,_,0,0
_,_,0,0
_,_,0,0
_,_,0,0
_,_,0,1
_,_,0,1
_,_,0,0
_,_,0,1
_,_,0,0
_,_,0,1
_,_,0,1
_,_,0,1
_,_,0,0
_,_,0,0
_,_,0,1
_,_,0,0
_,_,0,1
_,_,0,0
_,_,0,1
_,_,0,0
_,_,0,1
_,_,0,0
_,_,0,1
_,_,0,1
_,_,0,0
_,_,0,0
_,_,0,1
_,_,0,1
_,_,0,0
_,_,0,0
_,_,0,1
_,_,0,1
_,_,0,1
_,_,0,0
_,_,0,0
_,_,0,1
_,_,0,1
_,_,0,1
_,_,0,1
_,_,0,1
_,_,0,1
_,_,0,1
_,_,0,1
_,_,0,1
_,_,0,0
_,_,0,0
_,_,0,0
_,_,0,1
_,_,0,1
_,_,0,0
_,_,0,1
_,_,0,0
_,_,0,0
_,_,0,1
_,_,0,1
_,_,0,0
_,_,0,1
_,_,0,1
_,_,0,1
_,_,0,1
_,_,0,0
_,_,0,1
_,_,0,1
_,_,0,1
_,_,0,1
_,_,0,1
_,_,0,1
_,_,0,0
_,_,0,1
_,_,0,0
_,_,0,1
_,_,0,1
_,_,0,1
_,_,0,1
_,_,0,0
_,_,0,1
_,_,0,1
_,_,0,0
_,_,0,0
_,_,0,0
_,_,0,0
_,_,0,1
_,_,0,0
_,_,0,1
_,_,0,1
_,_,0,1
_,_,0,1
_,_,0,1
_,_,0,1
_,_,0,1
_,_,0,0
_,_,0,0
_,_,0,1
_,_,0,1
_,_,0,0
_,_,0,1
_,_,0,1
_,_,0,0
_,_,0,1
_,_,0,1
_,_,0,1
_,_,0,1
_,_,0,1
_,_,0,0
_,_,0,0
_,_,0,1
_,_,0,1
_,_,0,1
_,_,0,1
_,_,0,1
_,_,0,0
_,_,0,1
_,_,0,1
_,_,0,1
_,_,0,1
_,_,0,1
_,_,0,1
_,_,0,1
_,_,0,1
_,_,0,1
_,_,0,1
_,_,0,0
_,_,0,1
_,_,0,0
_,_,0,0
_,_,0,1
_,_,0,0
_,_,0,1
_,_,0,0
_,_,0,1
_,_,0,0
_,_,0,1
_,_,0,1
_,_,0,1
_,_,0,1
_,_,0,1
_,_,0,1
_,_,0,0
_,_,0,0
_,_,0,0
_,_,0,0
_,_,0,1
_,_,0,1
_,_,0,1
_,_,0,1
_,_,0,0
_,_,0,1
_,_,0,1
_,_,0,0
_,_,0,0
_,_,0,1
_,_,0,0
_,_,0,1
_,_,0,1
_,_,0,0
_,_,0,0
_,_,0,1
_,_,0,1
_,_,0,1
_,_,0,1
_,_,0,0
_,_,0,0
_,_,0,0
_,_,0,1
_,_,0,0
_,_,0,1
_,_,0,0
_,_,0,0
_,_,0,0
_,_,0,0
_,_,0,0
_,_,0,0
_,_,0,1
_,_,0,0
_,_,0,0
_,_,0,0
_,_,0,1
_,_,0,1
_,_,0,1
_,_,0,1
_,_,0,1
_,_,0,1
_,_,0,1
_,_,0,1
_,_,0,1
_,_,0,0
_,_,0,1
_,_,0,0
_,_,0,0
_,_,0,1
_,_,0,0
_,_,0,1
_,_,0,1
_,_,0,1
_,_,0,1
_,_,0,1
_,_,0,1
_,_,0,1
_,_,0,1
_,_,0,1
_,_,0,0
_,_,0,0
_,_,0,0
_,_,0,1
_,_,0,1
_,_,0,0
_,_,0,0
_,_,0,0
_,_,0,1
_,_,0,1
_,_,0,0
_,_,0,1
_,_,0,0
_,_,0,1
_,_,0,1
_,_,0,1
_,_,0,1
_,_,0,1
_,_,0,1
_,_,0,1
_,_,0,0
_,_,0,1
_,_,0,0
_,_,0,1
_,_,0,1
_,_,0,0
_,_,0,1
_,_,0,0
_,_,0,1
_,_,0,1
_,_,0,1
_,_,0,0
_,_,0,1
_,_,0,1
_,_,0,1
_,_,0,0
_,_,0,0
_,_,0,1
_,_,0,1
_,_,0,0
_,_,0,1
_,_,0,1
_,_,0,1
_,_,0,1
_,_,0,0
_,_,0,0
_,_,0,1
_,_,0,1
_,_,0,0
_,_,0,1
_,_,0,1
_,_,0,1
_,_,0,1
_,_,0,0
_,_,0,1
_,_,0,1
_,_,0,1
_,_,0,1
_,_,0,1
_,_,0,1
_,_,0,0
_,_,0,1
_,_,0,1
_,_,0,1
_,_,0,1
_,_,0,0
_,_,0,1
_,_,0,1
_,_,0,0
_,_,0,0
_,_,0,1
_,_,0,1
_,_,0,1
_,_,0,0
_,_,0,1
_,_,0,1
_,_,0,1
_,_,0,0
_,_,0,0
_,_,0,1
_,_,0,1
_,_,0,1
_,_,0,0
_,_,0,1
_,_,0,1
_,_,0,1
_,_,0,1
_,_,0,1
_,_,0,0
_,_,0,1
_,_,0,1
_,_,0,1
_,_,0,0
_,_,0,1
_,_,0,1
_,_,0,0
_,_,0,1
_,_,0,0
_,_,0,0
_,_,0,1
_,_,0,0
_,_,0,1
_,_,0,1
_,_,0,1
_,_,0,1
_,_,0,1
_,_,0,1
_,_,0,1
_,_,0,1
_,_,0,1
_,_,0,0
_,_,0,1
_,_,0,1
_,_,0,1
_,_,0,1
_,_,0,0
_,_,0,1
_,_,0,0
_,_,0,1
_,_,0,0
_,_,0,0
_,_,0,1
_,_,0,0
_,_,0,1
_,_,0,1
_,_,0,1
_,_,0,1
_,_,0,1
_,_,0,1
_,_,0,0
_,_,0,1
_,_,0,1
_,_,0,1
_,_,0,0
_,_,0,0
_,_,0,1
_,_,0,1
_,_,0,1
_,_,0,0
_,_,0,0
_,_,0,0
_,_,0,0
_,_,0,1
_,_,0,0
_,_,0,1
_,_,0,1
_,_,0,0
_,_,0,1
_,_,0,1
_,_,0,1
_,_,0,0
_,_,0,1
_,_,0,1
_,_,0,1
_,_,0,0
_,_,0,1
_,_,0,0
_,_,0,1
_,_,0,0
_,_,0,1
_,_,0,1
_,_,0,1
_,_,0,1
_,_,0,0
_,_,0,1
_,_,0,1
_,_,0,1
_,_,0,1
_,_,0,1
_,_,0,1
_,_,0,0
_,_,0,0
_,_,0,1
_,_,0,1
_,_,0,1
_,_,0,1
_,_,0,1
_,_,0,0
_,_,0,1
_,_,0,1
_,_,0,1
_,_,0,1
_,_,0,1
_,_,0,1
_,_,0,0
_,_,0,0
_,_,0,1
_,_,0,1
_,_,0,0
_,_,0,0
_,_,0,0
_,_,0,1
_,_,0,1
_,_,0,1
_,_,0,0
_,_,0,1
_,_,0,1
_,_,0,0
_,_,0,1
_,_,0,0
_,_,0,1
_,_,0,0
_,_,0,1
_,_,0,0
_,_,0,1
_,_,0,1
_,_,0,1
_,_,0,1
_,_,0,0
_,_,0,1
_,_,0,1
_,_,0,0
_,_,0,0
_,_,0,0
_,_,0,0
_,_,0,1
_,_,0,1
_,_,0,1
_,_,0,0
_,_,0,1
_,_,0,1
_,_,0,1
_,_,0,1
_,_,0,0
_,_,0,0
_,_,0,1
_,_,0,1
_,_,0,1
_,_,0,1
_,_,0,1
_,_,0,1
_,_,0,0
_,_,0,0
_,_,0,1
_,_,0,1
_,_,0,1
_,_,0,1
_,_,0,1
_,_,0,1
_,_,0,1
_,_,0,0
_,_,0,0
_,_,0,1
_,_,0,0
_,_,0,0
_,_,0,1
_,_,0,1
_,_,0,1
_,_,0,0
_,_,0,1
_,_,0,1
_,_,0,1
_,_,0,0
_,_,0,1
_,_,0,1
_,_,0,1
_,_,0,0
_,_,0,1
_,_,0,0
_,_,0,1
_,_,0,0
_,_,0,1
_,_,0,1
_,_,0,1
_,_,0,1
_,_,0,0
_,_,0,1
_,_,0,1
_,_,0,1
_,_,0,0
_,_,0,1
_,_,0,1
_,_,0,0
_,_,0,0
_,_,0,0
_,_,0,0
_,_,0,1
_,_,0,0
_,_,0,1
_,_,0,1
_,_,0,0
_,_,0,1
_,_,0,0
_,_,0,1
_,_,0,1
_,_,0,1
_,_,0,1
_,_,0,0
_,_,0,0
_,_,0,0
_,_,0,0
_,_,0,0
_,_,0,1
_,_,0,0
_,_,0,0
_,_,0,0
_,_,0,1
_,_,0,1
_,_,0,1
_,_,0,0
_,_,0,0
_,_,0,1
_,_,0,1
_,_,0,0
_,_,0,1
_,_,0,0
_,_,0,0
_,_,0,1
_,_,0,1
_,_,0,1
_,_,0,1
_,_,0,1
_,_,0,1
_,_,0,0
_,_,0,1
_,_,0,1
_,_,0,1
_,_,0,1
_,_,0,0
_,_,0,1
_,_,0,0
_,_,0,0
_,_,0,1
_,_,0,1
_,_,0,1
_,_,0,0
_,_,0,1
_,_,0,0
_,_,0,1
_,_,0,1
_,_,0,1
_,_,0,1
_,_,0,1
_,_,0,1
_,_,0,1
_,_,0,0
_,_,0,0
_,_,0,1
_,_,0,0
_,_,0,1
_,_,0,1
_,_,0,1
_,_,0,1
_,_,0,1
_,_,0,1
_,_,0,1
_,_,0,1
_,_,0,1
_,_,0,1
_,_,0,1
_,_,0,0
_,_,0,1
_,_,0,1
_,_,0,1
_,_,0,1
_,_,0,1
_,_,0,0
_,_,0,1
_,_,0,1
_,_,0,1
_,_,0,0
_,_,0,0
_,_,0,0
_,_,0,0
_,_,0,1
_,_,0,1
_,_,0,1
_,_,0,1
_,_,0,1
_,_,0,1
_,_,0,0
_,_,0,0
_,_,0,0
_,_,0,0
_,_,0,1
_,_,0,1
_,_,0,0
_,_,0,0
_,_,0,1
_,_,0,1
_,_,0,1
_,_,0,1
_,_,0,1
_,_,0,1
_,_,0,1
_,_,0,0
_,_,0,1
_,_,0,0
_,_,0,1
_,_,0,0
_,_,0,1
_,_,0,0
_,_,0,0
_,_,0,0
_,_,0,0
_,_,0,1
_,_,0,0
_,_,0,1
_,_,0,1
_,_,0,0
_,_,0,1
_,_,0,1
_,_,0,1
_,_,0,0
_,_,0,1
_,_,0,0
_,_,0,1
_,_,0,1
_,_,0,1
_,_,0,1
_,_,0,1
_,_,0,1
_,_,0,1
_,_,0,0
_,_,0,0
_,_,0,1
_,_,0,1
_,_,0,0
_,_,0,0
_,_,0,1
_,_,0,0
_,_,0,0
_,_,0,0
_,_,0,1
_,_,0,0
_,_,0,1
_,_,0,0
_,_,0,1
_,_,0,1
_,_,0,1
_,_,0,0
_,_,0,0
_,_,0,1
_,_,0,1
_,_,0,1
_,_,0,1
_,_,0,1
_,_,0,0
_,_,0,0
_,_,0,1
_,_,0,1
_,_,0,0
_,_,0,0
_,_,0,0
_,_,0,1
_,_,0,1
_,_,0,0
_,_,0,1
_,_,0,0
_,_,0,1
_,_,0,1
_,_,0,1
_,_,0,1
_,_,0,0
_,_,0,1
_,_,0,0
_,_,0,0
_,_,0,0
_,_,0,1
_,_,0,1
_,_,0,0
_,_,0,0
_,_,0,0
_,_,0,1
_,_,0,1
_,_,0,1
_,_,0,1
_,_,0,0
_,_,0,1
_,_,0,1
_,_,0,1
_,_,0,1
_,_,0,1
_,_,0,1
_,_,0,1
_,_,0,1
_,_,0,0
_,_,0,1
_,_,0,1
_,_,0,1
_,_,0,1
_,_,0,0
_,_,0,1
_,_,0,1
_,_,0,0
_,_,0,0
_,_,0,1
_,_,0,0
_,_,0,0
_,_,0,1
_,_,0,1
_,_,0,0
_,_,0,1
_,_,0,0
_,_,0,1
_,_,0,0
_,_,0,0
_,_,0,1
_,_,0,1
_,_,0,0
_,_,0,1
_,_,0,1
_,_,0,1
_,_,0,0
_,_,0,1
_,_,0,1
_,_,0,1
_,_,0,0
_,_,0,0
_,_,0,1
_,_,0,1
_,_,0,0
_,_,0,1
_,_,0,0
_,_,0,0
_,_,0,1
_,_,0,1
_,_,0,0
_,_,0,1
_,_,0,1
_,_,0,1
_,_,0,0
_,_,0,1
_,_,0,0
_,_,0,0
_,_,0,1
_,_,0,1
_,_,0,1
_,_,0,0
_,_,0,1
_,_,0,1
_,_,0,0
_,_,0,0
_,_,0,1
_,_,0,0
_,_,0,1
_,_,0,0
_,_,0,1
_,_,0,1
_,_,0,0
_,_,0,0
_,_,0,1
_,_,0,0
_,_,0,1
_,_,0,0
_,_,0,0
_,_,0,1
_,_,0,0
_,_,0,1
_,_,0,0
_,_,0,0
_,_,0,1
_,_,0,1
_,_,0,1
_,_,0,0
_,_,0,1
_,_,0,1
_,_,0,0
_,_,0,1
_,_,0,0
_,_,0,1
_,_,0,0
_,_,0,1
_,_,0,1
_,_,0,1
_,_,0,1
_,_,0,0
_,_,0,0
_,_,0,1
_,_,0,1
_,_,0,1
_,_,0,1
_,_,0,0
_,_,0,1
_,_,0,1
_,_,0,0
_,_,0,1
_,_,0,0
_,_,0,0
_,_,0,0
_,_,0,1
_,_,0,1
_,_,0,1
_,_,0,0
_,_,0,1
_,_,0,1
_,_,0,1
_,_,0,1
_,_,0,1
_,_,0,0
_,_,0,1
_,_,0,1
_,_,0,0
_,_,0,1
_,_,0,1
_,_,0,1
_,_,0,1
_,_,0,1
_,_,0,0
_,_,0,0
_,_,0,0
_,_,0,1
_,_,0,0
_,_,0,1
_,_,0,1
_,_,0,0
_,_,0,1
_,_,0,1
_,_,0,0
_,_,0,0
_,_,0,1
_,_,0,0
_,_,0,1
_,_,0,0
_,_,0,1
_,_,0,1
_,_,0,1
_,_,0,1
_,_,0,1
_,_,0,1
_,_,0,0
_,_,0,1
_,_,0,1
_,_,0,0
_,_,0,1
_,_,0,1
_,_,0,0
_,_,0,0
_,_,0,1
_,_,0,0
_,_,0,1
_,_,0,1
_,_,0,1
_,_,0,1
_,_,0,1
_,_,0,1
_,_,0,1
_,_,0,1
_,_,0,0
_,_,0,1
_,_,0,0
_,_,0,1
_,_,0,0
_,_,0,1
_,_,0,1
_,_,0,1
_,_,0,1
_,_,0,0
_,_,0,0
_,_,0,1
_,_,0,1
_,_,0,0
_,_,0,0
_,_,0,0
_,_,0,1
_,_,0,1
_,_,0,1
_,_,0,1
_,_,0,1
_,_,0,0
_,_,0,0
_,_,0,0
_,_,0,1
_,_,0,1
_,_,0,1
_,_,0,0
_,_,0,1
_,_,0,0
_,_,0,1
_,_,0,0
_,_,0,0
_,_,0,0
_,_,0,1
_,_,0,1
_,_,0,1
_,_,0,1
_,_,0,1
_,_,0,1
_,_,0,0
_,_,0,1
_,_,0,0
_,_,0,0
_,_,0,0
_,_,0,1
_,_,0,0
_,_,0,0
_,_,0,1
_,_,0,1
_,_,0,1
_,_,0,1
_,_,0,0
_,_,0,0
_,_,0,1
_,_,0,0
_,_,0,0
_,_,0,1
_,_,0,1
_,_,0,1
_,_,0,1
_,_,0,1
_,_,0,1
_,_,0,1
_,_,0,0
_,_,0,1
_,_,0,0
_,_,0,1
_,_,0,0
_,_,0,1
_,_,0,1
_,_,0,1
_,_,0,1
_,_,0,1
_,_,0,0
_,_,0,1
_,_,0,1
_,_,0,0
_,_,0,1
_,_,0,0
_,_,0,1
_,_,0,1
_,_,0,1
_,_,0,1
_,_,0,0
_,_,0,1
_,_,0,1
_,_,0,0
_,_,0,1
_,_,0,1
_,_,0,1
_,_,0,1
_,_,0,1
_,_,0,1
_,_,0,1
_,_,0,0
_,_,0,1
_,_,0,0
_,_,0,1
_,_,0,1
_,_,0,0
_,_,0,0
_,_,0,1
_,_,0,1
_,_,0,0
_,_,0,0
_,_,0,1
_,_,0,1
_,_,0,0
_,_,0,0
_,_,0,0
_,_,0,1
_,_,0,0
_,_,0,0
_,_,0,0
_,_,0,1
_,_,0,0
_,_,0,1
_,_,0,1
_,_,0,1
_,_,0,1
_,_,0,1
_,_,0,1
_,_,0,1
_,_,0,0
_,_,0,1
_,_,0,1
_,_,0,1
_,_,0,1
_,_,0,1
_,_,0,0
_,_,0,1
_,_,0,1
_,_,0,1
_,_,0,0
_,_,0,1
_,_,0,1
_,_,0,1
_,_,0,1
_,_,0,0
_,_,0,0
_,_,0,1
_,_,0,1
_,_,0,1
_,_,0,1
_,_,0,1
_,_,0,1
_,_,0,1
_,_,0,1
_,_,0,1
_,_,0,0
_,_,0,1
_,_,0,1
_,_,0,1
_,_,0,1
_,_,0,1
_,_,0,0
_,_,0,1
_,_,0,0
_,_,0,1
_,_,0,1
_,_,0,1
_,_,0,1
_,_,0,1
_,_,0,1
_,_,0,0
_,_,0,1
_,_,0,0
_,_,0,1
_,_,0,1
_,_,0,0
_,_,0,1
_,_,0,0
_,_,0,0
_,_,0,1
_,_,0,1
_,_,0,1
_,_,0,0
_,_,0,0
_,_,0,0
_,_,0,1
_,_,0,0
_,_,0,0
_,_,0,0
_,_,0,1
_,_,0,0
_,_,0,0
_,_,0,0
_,_,0,1
_,_,0,0
_,_,0,0
_,_,0,0
_,_,0,1
_,_,0,1
_,_,0,1
_,_,0,1
_,_,0,1
_,_,0,1
_,_,0,1
_,_,0,0
_,_,0,1
_,_,0,1
_,_,0,0
_,_,0,1
_,_,0,1
_,_,0,0
_,_,0,1
_,_,0,1
_,_,0,0
_,_,0,1
_,_,0,1
_,_,0,1
_,_,0,1
_,_,0,0
_,_,0,1
_,_,0,1
_,_,0,0
_,_,0,1
_,_,0,0
_,_,0,1
_,_,0,0
_,_,0,1
_,_,0,0
_,_,0,1
_,_,0,1
_,_,0,1
_,_,0,1
_,_,0,1
_,_,0,1
_,_,0,1
_,_,0,1
_,_,0,0
_,_,0,1
_,_,0,1
_,_,0,0
_,_,0,0
_,_,0,1
_,_,0,1
_,_,0,1
_,_,0,0
_,_,0,1
_,_,0,1
_,_,0,1
_,_,0,0
_,_,0,1
_,_,0,0
_,_,0,0
_,_,0,0
_,_,0,1
_,_,0,1
_,_,0,1
_,_,0,1
_,_,0,1
_,_,0,1
_,_,0,1
_,_,0,1
_,_,0,1
_,_,0,1
_,_,0,1
_,_,0,1
_,_,0,1
_,_,0,1
_,_,0,1
_,_,0,1
_,_,0,1
_,_,0,0
_,_,0,0
_,_,0,0
_,_,0,1
_,_,0,1
_,_,0,1
_,_,0,0
_,_,0,1
_,_,0,0
_,_,0,1
_,_,0,0
_,_,0,0
_,_,0,1
_,_,0,0
_,_,0,1
_,_,0,0
_,_,0,1
_,_,0,1
_,_,0,1
_,_,0,0
_,_,0,1
_,_,0,1
_,_,0,1
_,_,0,0
_,_,0,0
_,_,0,1
_,_,0,1
_,_,0,1
_,_,0,1
_,_,0,0
_,_,0,1
_,_,0,0
_,_,0,0
_,_,0,1
_,_,0,0
_,_,0,1
_,_,0,1
_,_,0,1
_,_,0,1
_,_,0,1
_,_,0,1
_,_,0,1
_,_,0,0
_,_,0,1
_,_,0,1
_,_,0,1
_,_,0,0
_,_,0,1
_,_,0,1
_,_,0,0
_,_,0,0
_,_,0,0
_,_,0,1
_,_,0,0
_,_,0,1
_,_,0,1
_,_,0,1
_,_,0,0
_,_,0,0
_,_,0,0
_,_,0,1
_,_,0,1
_,_,0,0
_,_,0,1
_,_,0,1
_,_,0,1
_,_,0,1
_,_,0,0
_,_,0,1
_,_,0,1
_,_,0,1
_,_,0,1
_,_,0,0
_,_,0,0
_,_,0,1
_,_,0,0
_,_,0,1
_,_,0,1
_,_,0,0
_,_,0,1
_,_,0,0
_,_,0,0
_,_,0,1
_,_,0,1
_,_,0,1
_,_,0,1
_,_,0,0
_,_,0,0
_,_,0,0
_,_,0,1
_,_,0,1
_,_,0,1
_,_,0,0
_,_,0,1
_,_,0,1
_,_,0,0
_,_,0,1
_,_,0,0
_,_,0,0
_,_,0,1
_,_,0,1
_,_,0,1
_,_,0,0
_,_,0,1
_,_,0,1
_,_,0,0
_,_,0,1
_,_,0,0
_,_,0,1
_,_,0,1
_,_,0,1
_,_,0,0
_,_,0,1
_,_,0,0
_,_,0,0
_,_,0,0
_,_,0,0
_,_,0,0
_,_,0,0
_,_,0,0
_,_,0,1
_,_,0,0
_,_,0,1
_,_,0,1
_,_,0,1
_,_,0,1
_,_,0,1
_,_,0,1
_,_,0,0
_,_,0,1
_,_,0,1
_,_,0,1
_,_,0,0
_,_,0,1
_,_,0,1
_,_,0,1
_,_,0,1
_,_,0,0
_,_,0,0
_,_,0,0
_,_,0,1
_,_,0,0
_,_,0,1
_,_,0,1
_,_,0,0
_,_,0,1
_,_,0,1
_,_,0,1
_,_,0,1
_,_,0,0
_,_,0,0
_,_,0,1
_,_,0,0
_,_,0,1
_,_,0,0
_,_,0,1
_,_,0,1
_,_,0,1
_,_,0,0
_,_,0,1
_,_,0,1
_,_,0,0
_,_,0,1
_,_,0,1
_,_,0,0
_,_,0,1
_,_,0,0
_,_,0,1
_,_,0,1
_,_,0,1
_,_,0,1
_,_,0,1
_,_,0,1
_,_,0,1
_,_,0,1
_,_,0,1
_,_,0,1
_,_,0,1
_,_,0,1
_,_,0,1
_,_,0,1
_,_,0,1
_,_,0,1
_,_,0,0
_,_,0,1
_,_,0,0
_,_,0,1
_,_,0,0
_,_,0,0
_,_,0,1
_,_,0,1
_,_,0,1
_,_,0,1
_,_,0,1
_,_,0,0
_,_,0,0
_,_,0,1
_,_,0,1
_,_,0,0
_,_,0,1
_,_,0,1
_,_,0,0
_,_,0,0
_,_,0,1
_,_,0,1
_,_,0,1
_,_,0,0
_,_,0,0
_,_,0,1
_,_,0,0
_,_,0,0
_,_,0,0
_,_,0,0
_,_,0,0
_,_,0,1
_,_,0,0
_,_,0,1
_,_,0,1
_,_,0,1
_,_,0,1
_,_,0,0
_,_,0,1
_,_,0,1
_,_,0,1
_,_,0,1
_,_,0,1
_,_,0,1
_,_,0,1
_,_,0,1
_,_,0,0
_,_,0,1
_,_,0,1
_,_,0,0
_,_,0,0
_,_,0,0
_,_,0,1
_,_,0,1
_,_,0,1
_,_,0,1
_,_,0,1
_,_,0,1
_,_,0,1
_,_,0,1
_,_,0,0
_,_,0,1
_,_,0,1
_,_,0,1
_,_,0,1
_,_,0,1
_,_,0,0
_,_,0,1
_,_,0,0
_,_,0,1
_,_,0,0
_,_,0,0
_,_,0,1
_,_,0,0
_,_,0,1
_,_,0,0
_,_,0,1
_,_,0,1
_,_,0,0
_,_,0,0
_,_,0,1
_,_,0,0
_,_,0,0
_,_,0,1
_,_,0,1
_,_,0,1
_,_,0,1
_,_,0,1
_,_,0,1
_,_,0,0
_,_,0,0
_,_,0,0
_,_,0,0
_,_,0,1
_,_,0,1
_,_,0,0
_,_,0,1
_,_,0,1
_,_,0,0
_,_,0,1
_,_,0,0
_,_,0,1
_,_,0,1
_,_,0,0
_,_,0,0
_,_,0,1
_,_,0,0
_,_,0,1
_,_,0,1
_,_,0,1
_,_,0,1
_,_,0,0
_,_,0,1
_,_,0,1
_,_,0,1
_,_,0,1
_,_,0,1
_,_,0,0
_,_,0,1
_,_,0,0
_,_,0,1
_,_,0,0
_,_,0,1
_,_,0,1
_,_,0,1
_,_,0,1
_,_,0,1
_,_,0,1
_,_,0,1
_,_,0,1
_,_,0,1
_,_,0,0
_,_,0,0
_,_,0,0
_,_,0,1
_,_,0,0
_,_,0,1
_,_,0,0
_,_,0,1
_,_,0,1
_,_,0,1
_,_,0,1
_,_,0,1
_,_,0,1
_,_,0,1
_,_,0,1
_,_,0,1
_,_,0,1
_,_,0,0
_,_,0,1
_,_,0,0
_,_,0,0
_,_,0,1
_,_,0,1
_,_,0,1
_,_,0,1
_,_,0,0
_,_,0,0
_,_,0,1
_,_,0,1
_,_,0,1
_,_,0,1
_,_,0,1
_,_,0,1
_,_,0,0
_,_,0,0
_,_,0,0
_,_,0,1
_,_,0,0
_,_,0,1
_,_,0,1
_,_,0,1
_,_,0,1
_,_,0,1
_,_,0,0
_,_,0,1
_,_,0,1
_,_,0,0
_,_,0,1
_,_,0,0
_,_,0,1
_,_,0,1
_,_,0,0
_,_,0,1
_,_,0,1
_,_,0,0
_,_,0,1
_,_,0,1
_,_,0,1
_,_,0,0
_,_,0,1
_,_,0,1
_,_,0,0
_,_,0,0
_,_,0,1
_,_,0,1
_,_,0,0
_,_,0,1
_,_,0,0
_,_,0,1
_,_,0,1
_,_,0,1
_,_,0,1
_,_,0,1
_,_,0,1
_,_,0,0
_,_,0,0
_,_,0,0
_,_,0,0
_,_,0,0
_,_,0,1
_,_,0,1
_,_,0,0
_,_,0,1
_,_,0,0
_,_,0,1
_,_,0,0
_,_,0,0
_,_,0,0
_,_,0,1
_,_,0,0
_,_,0,0
_,_,0,0
_,_,0,0
_,_,0,1
_,_,0,1
_,_,0,0
_,_,0,1
_,_,0,1
_,_,0,0
_,_,0,1
_,_,0,1
_,_,0,1
_,_,0,1
_,_,0,0
_,_,0,1
_,_,0,0
_,_,0,1
_,_,0,1
_,_,0,0
_,_,0,1
_,_,0,1
_,_,0,0
_,_,0,0
_,_,0,1
_,_,0,1
_,_,0,0
_,_,0,0
_,_,0,1
_,_,0,1
_,_,0,1
_,_,0,1
_,_,0,0
_,_,0,1
_,_,0,1
_,_,0,0
_,_,0,0
_,_,0,1
_,_,0,1
_,_,0,0
_,_,0,0
_,_,0,0
_,_,0,1
_,_,0,0
_,_,0,0
_,_,0,1
_,_,0,1
_,_,0,1
_,_,0,0
_,_,0,0
_,_,0,0
_,_,0,0
_,_,0,1
_,_,0,0
_,_,0,1
_,_,0,1
_,_,0,1
_,_,0,1
_,_,0,0
_,_,0,0
_,_,0,0
_,_,0,1
_,_,0,0
_,_,0,1
_,_,0,0
_,_,0,0
_,_,0,1
_,_,0,1
_,_,0,1
_,_,0,1
_,_,0,1
_,_,0,0
_,_,0,1
_,_,0,0
_,_,0,1
_,_,0,1
_,_,0,1
_,_,0,1
_,_,0,1
_,_,0,0
_,_,0,1
_,_,0,0
_,_,0,1
_,_,0,0
_,_,0,0
_,_,0,1
_,_,0,0
_,_,0,1
_,_,0,0
_,_,0,1
_,_,0,1
_,_,0,0
_,_,0,1
_,_,0,1
_,_,0,1
_,_,0,1
_,_,0,1
_,_,0,0
_,_,0,1
_,_,0,0
_,_,0,1
_,_,0,1
_,_,0,1
_,_,0,1
_,_,0,0
_,_,0,1
_,_,0,1
_,_,0,0
_,_,0,1
_,_,0,0
_,_,0,0
_,_,0,0
_,_,0,1
_,_,0,1
_,_,0,1
_,_,0,0
_,_,0,1
_,_,0,0
_,_,0,1
_,_,0,0
_,_,0,0
_,_,0,0
_,_,0,1
_,_,0,0
_,_,0,0
_,_,0,0
_,_,0,0
_,_,0,1
_,_,0,0
_,_,0,1
_,_,0,1
_,_,0,0
_,_,0,1
_,_,0,1
_,_,0,0
_,_,0,1
_,_,0,1
_,_,0,0
_,_,0,0
_,_,0,0
_,_,0,0
_,_,0,1
_,_,0,1
_,_,0,1
_,_,0,1
_,_,0,1
_,_,0,1
_,_,0,0
_,_,0,0
_,_,0,1
_,_,0,1
_,_,0,1
_,_,0,1
_,_,0,0
_,_,0,0
_,_,0,1
_,_,0,1
_,_,0,1
_,_,0,0
_,_,0,1
_,_,0,1
_,_,0,1
_,_,0,0
_,_,0,1
_,_,0,0
_,_,0,0
_,_,0,1
_,_,0,1
_,_,0,1
_,_,0,0
_,_,0,1
_,_,0,0
_,_,0,1
_,_,0,0
_,_,0,1
_,_,0,0
_,_,0,1
_,_,0,1
_,_,0,1
_,_,0,1
_,_,0,0
_,_,0,0
_,_,0,1
_,_,0,1
_,_,0,1
_,_,0,0
_,_,0,0
_,_,0,1
_,_,0,1
_,_,0,1
_,_,0,0
_,_,0,1
_,_,0,1
_,_,0,0
_,_,0,1
_,_,0,0
_,_,0,1
_,_,0,1
_,_,0,0
_,_,0,1
_,_,0,0
_,_,0,0
_,_,0,1
_,_,0,1
_,_,0,1
_,_,0,1
_,_,0,1
_,_,0,0
_,_,0,1
_,_,0,0
_,_,0,1
_,_,0,1
_,_,0,1
_,_,0,1
_,_,0,1
_,_,0,1
_,_,0,1
_,_,0,0
_,_,0,1
_,_,0,0
_,_,0,0
_,_,0,1
_,_,0,1
_,_,0,0
_,_,0,1
_,_,0,1
_,_,0,1
_,_,0,1
_,_,0,1
_,_,0,1
_,_,0,1
_,_,0,0
_,_,0,0
_,_,0,1
_,_,0,1
_,_,0,0
_,_,0,1
_,_,0,1
_,_,0,0
_,_,0,1
_,_,0,0
_,_,0,0
_,_,0,1
_,_,0,0
_,_,0,1
_,_,0,0
_,_,0,1
_,_,0,1
_,_,0,1
_,_,0,1
_,_,0,1
_,_,0,0
_,_,0,1
_,_,0,1
_,_,0,1
_,_,0,0
_,_,0,0
_,_,0,1
_,_,0,1
_,_,0,0
_,_,0,1
_,_,0,1
_,_,0,1
_,_,0,1
_,_,0,1
_,_,0,0
_,_,0,1
_,_,0,1
_,_,0,1
_,_,0,1
_,_,0,0
_,_,0,0
_,_,0,0
_,_,0,0
_,_,0,1
_,_,0,0
_,_,0,0
_,_,0,1
_,_,0,1
_,_,0,1
_,_,0,1
_,_,0,1
_,_,0,0
_,_,0,0
_,_,0,0
_,_,0,0
_,_,0,0
_,_,0,1
_,_,0,0
_,_,0,1
_,_,0,0
_,_,0,1
_,_,0,0
_,_,0,1
_,_,0,0
_,_,0,1
_,_,0,1
_,_,0,1
_,_,0,0
_,_,0,1
_,_,0,1
_,_,0,0
_,_,0,0
_,_,0,1
_,_,0,1
_,_,0,1
_,_,0,0
_,_,0,1
_,_,0,1
_,_,0,1
_,_,0,1
_,_,0,1
_,_,0,0
_,_,0,1
_,_,0,1
_,_,0,1
_,_,0,1
_,_,0,1
_,_,0,1
_,_,0,1
_,_,0,1
_,_,0,1
_,_,0,0
_,_,0,1
_,_,0,0
_,_,0,0
_,_,0,0
_,_,0,1
_,_,0,1
_,_,0,1
_,_,0,0
_,_,0,1
_,_,0,1
_,_,0,1
_,_,0,1
_,_,0,1
_,_,0,1
_,_,0,1
_,_,0,1
_,_,0,0
_,_,0,0
_,_,0,1
_,_,0,1
_,_,0,1
_,_,0,1
_,_,0,1
_,_,0,0
_,_,0,1
_,_,0,1
_,_,0,0
_,_,0,0
_,_,0,1
_,_,0,1
_,_,0,1
_,_,0,1
_,_,0,1
_,_,0,1
_,_,0,0
_,_,0,0
_,_,0,1
_,_,0,0
_,_,0,0
_,_,0,0
_,_,0,1
_,_,0,0
_,_,0,1
_,_,0,1
_,_,0,1
_,_,0,0
_,_,0,1
_,_,0,1
_,_,0,1
_,_,0,0
_,_,0,1
_,_,0,1
_,_,0,0
_,_,0,1
_,_,0,0
_,_,0,1
_,_,0,1
_,_,0,1
_,_,0,1
_,_,0,1
_,_,0,0
_,_,0,0
_,_,0,1
_,_,0,0
_,_,0,1
_,_,0,1
_,_,0,1
_,_,0,0
_,_,0,1
_,_,0,0
_,_,0,1
_,_,0,1
_,_,0,1
_,_,0,1
_,_,0,1
_,_,0,0
_,_,0,1
_,_,0,1
_,_,0,0
_,_,0,1
_,_,0,1
_,_,0,1
_,_,0,1
_,_,0,1
_,_,0,1
_,_,0,1
_,_,0,1
_,_,0,1
_,_,0,1
_,_,0,1
_,_,0,0
_,_,0,0
_,_,0,1
_,_,0,1
_,_,0,0
_,_,0,1
_,_,0,1
_,_,0,1
_,_,0,1
_,_,0,1
_,_,0,0
_,_,0,0
_,_,0,0
_,_,0,1
_,_,0,1
_,_,0,0
_,_,0,1
_,_,0,1
_,_,0,1
_,_,0,1
_,_,0,1
_,_,0,0
_,_,0,1
_,_,0,0
_,_,0,1
_,_,0,0
_,_,0,0
_,_,0,1
_,_,0,1
_,_,0,0
_,_,0,1
_,_,0,0
_,_,0,0
_,_,0,0
_,_,0,1
_,_,0,1
_,_,0,1
_,_,0,1
_,_,0,1
_,_,0,1
_,_,0,1
_,_,0,0
_,_,0,1
_,_,0,0
_,_,0,1
_,_,0,0
_,_,0,1
_,_,0,1
_,_,0,1
_,_,0,1
_,_,0,0
_,_,0,1
_,_,0,0
_,_,0,0
_,_,0,0
_,_,0,1
_,_,0,1
_,_,0,1
_,_,0,1
_,_,0,1
_,_,0,0
_,_,0,1
_,_,0,1
_,_,0,0
_,_,0,0
_,_,0,1
_,_,0,0
_,_,0,1
_,_,0,1
_,_,0,0
_,_,0,1
_,_,0,1
_,_,0,0
_,_,0,0
_,_,0,0
_,_,0,1
_,_,0,0
_,_,0,1
_,_,0,1
_,_,0,1
_,_,0,1
_,_,0,0
_,_,0,1
_,_,0,0
_,_,0,1
_,_,0,1
_,_,0,0
_,_,0,1
_,_,0,1
_,_,0,1
_,_,0,0
_,_,0,0
_,_,0,0
_,_,0,1
_,_,0,0
_,_,0,1
_,_,0,1
_,_,0,1
_,_,0,0
_,_,0,0
_,_,0,1
_,_,0,1
_,_,0,0
_,_,0,0
_,_,0,0
_,_,0,1
_,_,0,1
_,_,0,0
_,_,0,1
_,_,0,1
_,_,0,0
_,_,0,1
_,_,0,0
_,_,0,0
_,_,0,1
_,_,0,0
_,_,0,1
_,_,0,0
_,_,0,0
_,_,0,1
_,_,0,1
_,_,0,1
_,_,0,0
_,_,0,1
_,_,0,1
_,_,0,1
_,_,0,1
_,_,0,1
_,_,0,1
_,_,0,1
_,_,0,0
_,_,0,1
_,_,0,1
_,_,0,1
_,_,0,1
_,_,0,0
_,_,0,0
_,_,0,1
_,_,0,1
_,_,0,1
_,_,0,0
_,_,0,1
_,_,0,0
_,_,0,0
_,_,0,1
_,_,0,1
_,_,0,0
_,_,0,0
_,_,0,1
_,_,0,1
_,_,0,1
_,_,0,1
_,_,0,1
_,_,0,0
_,_,0,1
_,_,0,1
_,_,0,1
_,_,0,0
_,_,0,1
_,_,0,0
_,_,0,1
_,_,0,0
_,_,0,0
_,_,0,0
_,_,0,0
_,_,0,1
_,_,0,0
_,_,0,1
_,_,0,0
_,_,0,0
_,_,0,1
_,_,0,0
_,_,0,1
_,_,0,0
_,_,0,1
_,_,0,0
_,_,0,1
_,_,0,1
_,_,0,0
_,_,0,1
_,_,0,0
_,_,0,0
_,_,0,1
_,_,0,1
_,_,0,1
_,_,0,0
_,_,0,1
_,_,0,1
_,_,0,0
_,_,0,1
_,_,0,0
_,_,0,0
_,_,0,1
_,_,0,0
_,_,0,0
_,_,0,0
_,_,0,1
_,_,0,1
_,_,0,1
_,_,0,1
_,_,0,1
_,_,0,1
_,_,0,0
_,_,0,1
_,_,0,0
_,_,0,1
_,_,0,1
_,_,0,1
_,_,0,1
_,_,0,0
_,_,0,1
_,_,0,1
_,_,0,0
_,_,0,1
_,_,0,1
_,_,0,1
_,_,0,1
_,_,0,1
_,_,0,1
_,_,0,1
_,_,0,1
_,_,0,1
_,_,0,1
_,_,0,1
_,_,0,1
_,_,0,1
_,_,0,1
_,_,0,0
_,_,0,1
_,_,0,0
_,_,0,0
_,_,0,1
_,_,0,1
_,_,0,1
_,_,0,0
_,_,0,0
_,_,0,1
_,_,0,1
_,_,0,1
_,_,0,1
_,_,0,1
_,_,0,1
_,_,0,1
_,_,0,1
_,_,0,0
_,_,0,1
_,_,0,0
_,_,0,0
_,_,0,0
_,_,0,0
_,_,0,1
_,_,0,1
_,_,0,0
_,_,0,1
_,_,0,1
_,_,0,1
_,_,0,0
_,_,0,1
_,_,0,1
_,_,0,0
_,_,0,1
_,_,0,1
_,_,0,1
_,_,0,1
_,_,0,1
_,_,0,1
_,_,0,1
_,_,0,1
_,_,0,0
_,_,0,1
_,_,0,0
_,_,0,1
_,_,0,0
_,_,0,1
_,_,0,0
_,_,0,1
_,_,0,1
_,_,0,0
_,_,0,1
_,_,0,0
_,_,0,1
_,_,0,1
_,_,0,0
_,_,0,0
_,_,0,1
_,_,0,0
_,_,0,0
_,_,0,0
_,_,0,1
_,_,0,1
_,_,0,1
_,_,0,1
_,_,0,0
_,_,0,1
_,_,0,0
_,_,0,1
_,_,0,1
_,_,0,0
_,_,0,1
_,_,0,1
_,_,0,0
_,_,0,0
_,_,0,1
_,_,0,0
_,_,0,1
_,_,0,0
_,_,0,1
_,_,0,1
_,_,0,1
_,_,0,0
_,_,0,0
_,_,0,0
_,_,0,0
_,_,0,1
_,_,0,1
_,_,0,0
_,_,0,0
_,_,0,1
_,_,0,0
_,_,0,1
_,_,0,1
_,_,0,1
_,_,0,0
_,_,0,0
_,_,0,1
_,_,0,1
_,_,0,0
_,_,0,0
_,_,0,0
_,_,0,1
_,_,0,1
_,_,0,0
_,_,0,1
_,_,0,1
_,_,0,1
_,_,0,1
_,_,0,1
_,_,0,1
_,_,0,0
_,_,0,0
_,_,0,1
_,_,0,1
_,_,0,0
_,_,0,1
_,_,0,0
_,_,0,1
_,_,0,1
_,_,0,1
_,_,0,0
_,_,0,1
_,_,0,0
_,_,0,1
_,_,0,0
_,_,0,1
_,_,0,0
_,_,0,1
_,_,0,1
_,_,0,1
_,_,0,1
_,_,0,1
_,_,0,1
_,_,0,1
_,_,0,1
_,_,0,0
_,_,0,1
_,_,0,0
_,_,0,1
_,_,0,1
_,_,0,0
_,_,0,1
_,_,0,1
_,_,0,0
_,_,0,0
_,_,0,1
_,_,0,0
_,_,0,1
_,_,0,0
_,_,0,1
_,_,0,1
_,_,0,1
_,_,0,0
_,_,0,0
_,_,0,0
_,_,0,1
_,_,0,1
_,_,0,1
_,_,0,1
_,_,0,0
_,_,0,1
_,_,0,1
_,_,0,1
_,_,0,1
_,_,0,1
_,_,0,1
_,_,0,1
_,_,0,1
_,_,0,0
_,_,0,1
_,_,0,0
_,_,0,1
_,_,0,0
_,_,0,1
_,_,0,0
_,_,0,1
_,_,0,1
_,_,0,0
_,_,0,1
_,_,0,0
_,_,0,1
_,_,0,0
_,_,0,1
_,_,0,0
_,_,0,0
_,_,0,1
_,_,0,1
_,_,0,1
_,_,0,0
_,_,0,0
_,_,0,1
_,_,0,1
_,_,0,0
_,_,0,0
_,_,0,1
_,_,0,0
_,_,0,1
_,_,0,0
_,_,0,1
_,_,0,1
_,_,0,1
_,_,0,0
_,_,0,0
_,_,0,0
_,_,0,1
_,_,0,1
_,_,0,1
_,_,0,0
_,_,0,0
_,_,0,1
_,_,0,0
_,_,0,1
_,_,0,1
_,_,0,0
_,_,0,1
_,_,0,0
_,_,0,0
_,_,0,1
_,_,0,1
_,_,0,0
_,_,0,1
_,_,0,1
_,_,0,1
_,_,0,0
_,_,0,0
_,_,0,0
_,_,0,1
_,_,0,0
_,_,0,0
_,_,0,1
_,_,0,0
_,_,0,0
_,_,0,1
_,_,0,0
_,_,0,1
_,_,0,0
_,_,0,1
_,_,0,1
_,_,0,0
_,_,0,0
_,_,0,1
_,_,0,1
_,_,0,1
_,_,0,1
_,_,0,1
_,_,0,1
_,_,0,1
_,_,0,1
_,_,0,1
_,_,0,0
_,_,0,1
_,_,0,0
_,_,0,0
_,_,0,0
_,_,0,1
_,_,0,0
_,_,0,0
_,_,0,1
_,_,0,1
_,_,0,0
_,_,0,0
_,_,0,0
_,_,0,0
_,_,0,1
_,_,0,1
_,_,0,0
_,_,0,0
_,_,0,0
_,_,0,1
_,_,0,0
_,_,0,1
_,_,0,1
_,_,0,1
_,_,0,1
_,_,0,0
_,_,0,1
_,_,0,1
_,_,0,1
_,_,0,1
_,_,0,0
_,_,0,1
_,_,0,0
_,_,0,1
_,_,0,0
_,_,0,1
_,_,0,0
_,_,0,1
_,_,0,0
_,_,0,1
_,_,0,1
_,_,0,1
_,_,0,0
_,_,0,1
_,_,0,1
_,_,0,1
_,_,0,0
_,_,0,0
_,_,0,0
_,_,0,0
_,_,0,1
_,_,0,1
_,_,0,0
_,_,0,1
_,_,0,1
_,_,0,1
_,_,0,0
_,_,0,1
_,_,0,0
_,_,0,1
_,_,0,1
_,_,0,1
_,_,0,1
_,_,0,1
_,_,0,0
_,_,0,0
_,_,0,1
_,_,0,1
_,_,0,0
_,_,0,1
_,_,0,1
_,_,0,0
_,_,0,1
_,_,0,1
_,_,0,1
_,_,0,0
_,_,0,1
_,_,0,1
_,_,0,0
_,_,0,1
_,_,0,1
_,_,0,1
_,_,0,1
_,_,0,1
_,_,0,1
_,_,0,0
_,_,0,1
_,_,0,1
_,_,0,1
_,_,0,1
_,_,0,1
_,_,0,1
_,_,0,0
_,_,0,0
_,_,0,0
_,_,0,1
_,_,0,0
_,_,0,1
_,_,0,1
_,_,0,0
_,_,0,1
_,_,0,1
_,_,0,0
_,_,0,1
_,_,0,0
_,_,0,0
_,_,0,0
_,_,0,1
_,_,0,0
_,_,0,0
_,_,0,0
_,_,0,1
_,_,0,0
_,_,0,1
_,_,0,1
_,_,0,1
_,_,0,0
_,_,0,1
_,_,0,0
_,_,0,1
_,_,0,1
_,_,0,1
_,_,0,1
_,_,0,0
_,_,0,1
_,_,0,1
_,_,0,0
_,_,0,1
_,_,0,1
_,_,0,1
_,_,0,1
_,_,0,1
_,_,0,0
_,_,0,0
_,_,0,1
_,_,0,1
_,_,0,1
_,_,0,1
_,_,0,1
_,_,0,1
_,_,0,1
_,_,0,1
_,_,0,0
_,_,0,0
_,_,0,1
_,_,0,1
_,_,0,1
_,_,0,1
_,_,0,1
_,_,0,1
_,_,0,1
_,_,0,1
_,_,0,1
_,_,0,1
_,_,0,1
_,_,0,1
_,_,0,0
_,_,0,1
_,_,0,1
_,_,0,1
_,_,0,1
_,_,0,1
_,_,0,1
_,_,0,1
_,_,0,1
_,_,0,1
_,_,0,0
_,_,0,1
_,_,0,1
_,_,0,0
_,_,0,1
_,_,0,0
_,_,0,1
_,_,0,1
_,_,0,1
_,_,0,1
_,_,0,0
_,_,0,1
_,_,0,0
_,_,0,1
_,_,0,0
_,_,0,1
_,_,0,0
_,_,0,1
_,_,0,1
_,_,0,1
_,_,0,1
_,_,0,0
_,_,0,1
_,_,0,1
_,_,0,1
_,_,0,0
_,_,0,1
_,_,0,1
_,_,0,1
_,_,0,1
_,_,0,1
_,_,0,0
_,_,0,0
_,_,0,1
_,_,0,1
_,_,0,1
_,_,0,1
_,_,0,1
_,_,0,1
_,_,0,0
_,_,0,1
_,_,0,0
_,_,0,1
_,_,0,0
_,_,0,1
_,_,0,1
_,_,0,1
_,_,0,1
_,_,0,1
_,_,0,1
_,_,0,0
_,_,0,1
_,_,0,1
_,_,0,0
_,_,0,1
_,_,0,1
_,_,0,1
_,_,0,0
_,_,0,1
_,_,0,1
_,_,0,0
_,_,0,1
_,_,0,1
_,_,0,1
_,_,0,1
_,_,0,0
_,_,0,1
_,_,0,0
_,_,0,1
_,_,0,1
_,_,0,1
_,_,0,0
_,_,0,1
_,_,0,0
_,_,0,0
_,_,0,0
_,_,0,1
_,_,0,1
_,_,0,1
_,_,0,1
_,_,0,1
_,_,0,0
_,_,0,1
_,_,0,1
_,_,0,1
_,_,0,1
_,_,0,1
_,_,0,1
_,_,0,1
_,_,0,1
_,_,0,0
_,_,0,0
_,_,0,1
_,_,0,0
_,_,0,1
_,_,0,1
_,_,0,1
_,_,0,0
_,_,0,1
_,_,0,0
_,_,0,1
_,_,0,1
_,_,0,1
_,_,0,1
_,_,0,0
_,_,0,1
_,_,0,1
_,_,0,1
_,_,0,1
_,_,0,1
_,_,0,0
_,_,0,1
_,_,0,0
_,_,0,1
_,_,0,0
_,_,0,0
_,_,0,1
_,_,0,1
_,_,0,1
_,_,0,0
_,_,0,1
_,_,0,0
_,_,0,0
_,_,0,1
_,_,0,1
_,_,0,1
_,_,0,1
_,_,0,1
_,_,0,0
_,_,0,1
_,_,0,1
_,_,0,1
_,_,0,1
_,_,0,0
_,_,0,1
_,_,0,1
_,_,0,1
_,_,0,0
_,_,0,0
_,_,0,0
_,_,0,0
_,_,0,0
_,_,0,0
_,_,0,1
_,_,0,0
_,_,0,1
_,_,0,0
_,_,0,1
_,_,0,1
_,_,0,1
_,_,0,0
_,_,0,1
_,_,0,1
_,_,0,0
_,_,0,1
_,_,0,1
_,_,0,1
_,_,0,1
_,_,0,0
_,_,0,1
_,_,0,1
_,_,0,1
_,_,0,0
_,_,0,1
_,_,0,1
_,_,0,0
_,_,0,1
_,_,0,1
_,_,0,1
_,_,0,0
_,_,0,1
_,_,0,1
_,_,0,0
_,_,0,1
_,_,0,1
_,_,0,1
_,_,0,0
_,_,0,1
_,_,0,1
_,_,0,1
_,_,0,1
_,_,0,1
_,_,0,0
_,_,0,0
_,_,0,1
_,_,0,1
_,_,0,0
_,_,0,1
_,_,0,1
_,_,0,1
_,_,0,1
_,_,0,0
_,_,0,0
_,_,0,1
_,_,0,1
_,_,0,0
_,_,0,1
_,_,0,1
_,_,0,1
_,_,0,1
_,_,0,1
_,_,0,1
_,_,0,0
_,_,0,0
_,_,0,0
_,_,0,1
_,_,0,0
_,_,0,1
_,_,0,1
_,_,0,1
_,_,0,1
_,_,0,1
_,_,0,0
_,_,0,1
_,_,0,0
_,_,0,1
_,_,0,1
_,_,0,1
_,_,0,1
_,_,0,1
_,_,0,0
_,_,0,1
_,_,0,1
_,_,0,1
_,_,0,1
_,_,0,1
_,_,0,0
_,_,0,1
_,_,0,1
_,_,0,1
_,_,0,0
_,_,0,1
_,_,0,0
_,_,0,0
_,_,0,0
_,_,0,0
_,_,0,1
_,_,0,1
_,_,0,1
_,_,0,1
_,_,0,1
_,_,0,0
_,_,0,1
_,_,0,1
_,_,0,1
_,_,0,1
_,_,0,1
_,_,0,1
_,_,0,0
_,_,0,1
_,_,0,1
_,_,0,1
_,_,0,1
_,_,0,1
_,_,0,1
_,_,0,1
_,_,0,1
_,_,0,0
_,_,0,1
_,_,0,0
_,_,0,1
_,_,0,1
_,_,0,0
_,_,0,1
_,_,0,1
_,_,0,1
_,_,0,1
_,_,0,0
_,_,0,1
_,_,0,1
_,_,0,1
_,_,0,1
_,_,0,1
_,_,0,1
_,_,0,0
_,_,0,1
_,_,0,1
_,_,0,1
_,_,0,0
_,_,0,1
_,_,0,1
_,_,0,1
_,_,0,0
_,_,0,1
_,_,0,1
_,_,0,1
_,_,0,1
_,_,0,1
_,_,0,1
_,_,0,0
_,_,0,1
_,_,0,0
_,_,0,1
_,_,0,1
_,_,0,1
_,_,0,0
_,_,0,1
_,_,0,1
_,_,0,0
_,_,0,1
_,_,0,1
_,_,0,0
_,_,0,0
_,_,0,0
_,_,0,1
_,_,0,1
_,_,0,0
_,_,0,0
_,_,0,1
_,_,0,1
_,_,0,0
_,_,0,1
_,_,0,1
_,_,0,1
_,_,0,1
_,_,0,0
_,_,0,0
_,_,0,0
_,_,0,1
_,_,0,0
_,_,0,1
_,_,0,0
_,_,0,1
_,_,0,0
_,_,0,1
_,_,0,1
_,_,0,1
_,_,0,0
_,_,0,1
_,_,0,0
_,_,0,0
_,_,0,1
_,_,0,1
_,_,0,0
_,_,0,1
_,_,0,1
_,_,0,0
_,_,0,1
_,_,0,0
_,_,0,1
_,_,0,0
_,_,0,1
_,_,0,0
_,_,0,0
_,_,0,0
_,_,0,1
_,_,0,1
_,_,0,0
_,_,0,1
_,_,0,0
_,_,0,1
_,_,0,0
_,_,0,1
_,_,0,0
_,_,0,1
_,_,0,0
_,_,0,0
_,_,0,1
_,_,0,0
_,_,0,1
_,_,0,1
_,_,0,1
_,_,0,0
_,_,0,0
_,_,0,1
_,_,0,0
_,_,0,1
_,_,0,1
_,_,0,1
_,_,0,0
_,_,0,1
_,_,0,1
_,_,0,1
_,_,0,1
_,_,0,1
_,_,0,1
_,_,0,0
_,_,0,0
_,_,0,0
_,_,0,0
_,_,0,0
_,_,0,1
_,_,0,1
_,_,0,0
_,_,0,1
_,_,0,0
_,_,0,1
_,_,0,1
_,_,0,0
_,_,0,0
_,_,0,0
_,_,0,0
_,_,0,0
_,_,0,1
_,_,0,1
_,_,0,1
_,_,0,1
_,_,0,1
_,_,0,0
_,_,0,1
_,_,0,1
_,_,0,1
_,_,0,0
_,_,0,0
_,_,0,0
_,_,0,1
_,_,0,0
_,_,0,0
_,_,0,1
_,_,0,1
_,_,0,1
_,_,0,0
_,_,0,1
_,_,0,1
_,_,0,1
_,_,0,0
_,_,0,1
_,_,0,0
_,_,0,0
_,_,0,0
_,_,0,1
_,_,0,0
_,_,0,1
_,_,0,1
_,_,0,0
_,_,0,0
_,_,0,1
_,_,0,0
_,_,0,1
_,_,0,0
_,_,0,0
_,_,0,1
_,_,0,0
_,_,0,1
_,_,0,1
_,_,0,1
_,_,0,0
_,_,0,1
_,_,0,1
_,_,0,1
_,_,0,0
_,_,0,0
_,_,0,1
_,_,0,1
_,_,0,1
_,_,0,0
_,_,0,0
_,_,0,1
_,_,0,0
_,_,0,1
_,_,0,1
_,_,0,0
_,_,0,1
_,_,0,1
_,_,0,0
_,_,0,0
_,_,0,1
_,_,0,0
_,_,0,1
_,_,0,1
_,_,0,1
_,_,0,1
_,_,0,1
_,_,0,0
_,_,0,0
_,_,0,0
_,_,0,1
_,_,0,0
_,_,0,0
_,_,0,0
_,_,0,1
_,_,0,1
_,_,0,0
_,_,0,0
_,_,0,1
_,_,0,0
_,_,0,0
_,_,0,0
_,_,0,1
_,_,0,0
_,_,0,1
_,_,0,1
_,_,0,1
_,_,0,0
_,_,0,0
_,_,0,0
_,_,0,1
_,_,0,1
_,_,0,1
_,_,0,0
_,_,0,0
_,_,0,0
_,_,0,0
_,_,0,1
_,_,0,1
_,_,0,1
_,_,0,1
_,_,0,1
_,_,0,0
_,_,0,1
_,_,0,1
_,_,0,1
_,_,0,1
_,_,0,1
_,_,0,1
_,_,0,1
_,_,0,1
_,_,0,1
_,_,0,1
_,_,0,0
_,_,0,1
_,_,0,1
_,_,0,1
_,_,0,1
_,_,0,1
_,_,0,1
_,_,0,1
_,_,0,1
_,_,0,1
_,_,0,0
_,_,0,1
_,_,0,0
_,_,0,0
_,_,0,0
_,_,0,1
_,_,0,0
_,_,0,1
_,_,0,0
_,_,0,0
_,_,0,1
_,_,0,0
_,_,0,1
_,_,0,0
_,_,0,1
_,_,0,0
_,_,0,0
_,_,0,0
_,_,0,1
_,_,0,0
_,_,0,1
_,_,0,0
_,_,0,0
_,_,0,1
_,_,0,0
_,_,0,1
_,_,0,0
_,_,0,1
_,_,0,1
_,_,0,1
_,_,0,0
_,_,0,0
_,_,0,1
_,_,0,1
_,_,0,0
_,_,0,0
_,_,0,0
_,_,0,1
_,_,0,1
_,_,0,0
_,_,0,0
_,_,0,0
_,_,0,1
_,_,0,0
_,_,0,1
_,_,0,0
_,_,0,0
_,_,0,1
_,_,0,1
_,_,0,1
_,_,0,1
_,_,0,0
_,_,0,1
_,_,0,1
_,_,0,1
_,_,0,0
_,_,0,1
_,_,0,0
_,_,0,1
_,_,0,1
_,_,0,0
_,_,0,1
_,_,0,1
_,_,0,1
_,_,0,1
_,_,0,1
_,_,0,1
_,_,0,0
_,_,0,1
_,_,0,1
_,_,0,1
_,_,0,0
_,_,0,1
_,_,0,1
_,_,0,1
_,_,0,0
_,_,0,0
_,_,0,0
_,_,0,1
_,_,0,1
_,_,0,0
_,_,0,1
_,_,0,1
_,_,0,1
_,_,0,1
_,_,0,1
_,_,0,0
_,_,0,0
_,_,0,1
_,_,0,0
_,_,0,1
_,_,0,1
_,_,0,1
_,_,0,1
_,_,0,0
_,_,0,1
_,_,0,1
_,_,0,1
_,_,0,1
_,_,0,0
_,_,0,0
_,_,0,1
_,_,0,1
_,_,0,0
_,_,0,1
_,_,0,1
_,_,0,1
_,_,0,0
_,_,0,0
_,_,0,1
_,_,0,1
_,_,0,1
_,_,0,0
_,_,0,0
_,_,0,1
_,_,0,1
_,_,0,1
_,_,0,0
_,_,0,1
_,_,0,0
_,_,0,0
_,_,0,1
_,_,0,0
_,_,0,0
_,_,0,1
_,_,0,1
_,_,0,1
_,_,1,1
_,_,1,1
_,_,1,1
_,_,1,1
_,_,1,1
_,_,1,1
_,_,1,0
_,_,1,0
_,_,1,0
_,_,1,0
_,_,1,0
_,_,1,1
_,_,1,0
_,_,1,0
_,_,1,0
_,_,1,1
_,_,1,0
_,_,1,0
_,_,1,0
_,_,1,0
_,_,1,1
_,_,1,0
_,_,1,0
_,_,1,0
_,_,1,0
_,_,1,1
_,_,1,1
_,_,1,1
_,_,1,1
_,_,1,0
_,_,1,1
_,_,1,1
_,_,1,1
_,_,1,0
_,_,1,1
_,_,1,1
_,_,1,1
_,_,1,0
_,_,1,0
_,_,1,0
_,_,1,0
_,_,1,1
_,_,1,1
_,_,1,0
_,_,1,1
_,_,1,0
_,_,1,1
_,_,1,0
_,_,1,0
_,_,1,0
_,_,1,0
_,_,1,0
_,_,1,0
_,_,1,0
_,_,1,0
_,_,1,0
_,_,1,0
_,_,1,1
_,_,1,0
_,_,1,1
_,_,1,1
_,_,1,0
_,_,1,0
_,_,1,0
_,_,1,1
_,_,1,0
_,_,1,1
_,_,1,0
_,_,1,0
_,_,1,0
_,_,1,0
_,_,1,0
_,_,1,0
_,_,1,1
_,_,1,1
_,_,1,0
_,_,1,1
_,_,1,0
_,_,1,1
_,_,1,1
_,_,1,1
_,_,1,1
_,_,1,1
_,_,1,0
_,_,1,0
_,_,1,0
_,_,1,1
_,_,1,0
_,_,1,1
_,_,1,1
_,_,1,0
_,_,1,0
_,_,1,1
_,_,1,0
_,_,1,0
_,_,1,0
_,_,1,1
_,_,1,0
_,_,1,1
_,_,1,1
_,_,1,1
_,_,1,1
_,_,1,1
_,_,1,0
_,_,1,1
_,_,1,0
_,_,1,0
_,_,1,0
_,_,1,1
_,_,1,1
_,_,1,0
_,_,1,0
_,_,1,0
_,_,1,1
_,_,1,0
_,_,1,0
_,_,1,0
_,_,1,0
_,_,1,0
_,_,1,0
_,_,1,1
_,_,1,1
_,_,1,1
_,_,1,0
_,_,1,1
_,_,1,1
_,_,1,0
_,_,1,0
_,_,1,0
_,_,1,1
_,_,1,0
_,_,1,0
_,_,1,1
_,_,1,0
_,_,1,1
_,_,1,1
_,_,1,1
_,_,1,1
_,_,1,1
_,_,1,1
_,_,1,0
_,_,1,0
_,_,1,1
_,_,1,0
_,_,1,1
_,_,1,0
_,_,1,0
_,_,1,1
_,_,1,1
_,_,1,1
_,_,1,1
_,_,1,1
_,_,1,0
_,_,1,1
_,_,1,1
_,_,1,1
_,_,1,1
_,_,1,1
_,_,1,1
_,_,1,1
_,_,1,1
_,_,1,0
_,_,1,1
_,_,1,1
_,_,1,0
_,_,1,0
_,_,1,0
_,_,1,1
_,_,1,1
_,_,1,1
_,_,1,1
_,_,1,1
_,_,1,1
_,_,1,1
_,_,1,0
_,_,1,0
_,_,1,0
_,_,1,1
_,_,1,1
_,_,1,0
_,_,1,0
_,_,1,1
_,_,1,1
_,_,1,1
_,_,1,1
_,_,1,0
_,_,1,0
_,_,1,0
_,_,1,1
_,_,1,1
_,_,1,1
_,_,1,1
_,_,1,1
_,_,1,1
_,_,1,1
_,_,1,1
_,_,1,0
_,_,1,1
_,_,1,0
_,_,1,0
_,_,1,1
_,_,1,1
_,_,1,0
_,_,1,0
_,_,1,0
_,_,1,0
_,_,1,1
_,_,1,0
_,_,1,1
_,_,1,0
_,_,1,0
_,_,1,1
_,_,1,1
_,_,1,1
_,_,1,0
_,_,1,1
_,_,1,1
_,_,1,1
_,_,1,0
_,_,1,0
_,_,1,0
_,_,1,0
_,_,1,1
_,_,1,1
_,_,1,0
_,_,1,1
_,_,1,1
_,_,1,0
_,_,1,1
_,_,1,1
_,_,1,0
_,_,1,0
_,_,1,1
_,_,1,0
_,_,1,0
_,_,1,1
_,_,1,1
_,_,1,1
_,_,1,1
_,_,1,1
_,_,1,1
_,_,1,0
_,_,1,1
_,_,1,1
_,_,1,1
_,_,1,0
_,_,1,0
_,_,1,1
_,_,1,1
_,_,1,1
_,_,1,0
_,_,1,0
_,_,1,1
_,_,1,1
_,_,1,0
_,_,1,0
_,_,1,1
_,_,1,0
_,_,1,1
_,_,1,1
_,_,1,1
_,_,1,1
_,_,1,1
_,_,1,0
_,_,1,0
_,_,1,0
_,_,1,1
_,_,1,0
_,_,1,1
_,_,1,1
_,_,1,0
_,_,1,0
_,_,1,1
_,_,1,1
_,_,1,1
_,_,1,1
_,_,1,1
_,_,1,1
_,_,1,1
_,_,1,0
_,_,1,0
_,_,1,1
_,_,1,1
_,_,1,1
_,_,1,1
_,_,1,1
_,_,1,1
_,_,1,0
_,_,1,1
_,_,1,1
_,_,1,1
_,_,1,1
_,_,1,1
_,_,1,1
_,_,1,0
_,_,1,0
_,_,1,0
_,_,1,0
_,_,1,1
_,_,1,1
_,_,1,0
_,_,1,1
_,_,1,1
_,_,1,0
_,_,1,0
_,_,1,0
_,_,1,1
_,_,1,1
_,_,1,1
_,_,1,1
_,_,1,1
_,_,1,0
_,_,1,1
_,_,1,1
_,_,1,1
_,_,1,1
_,_,1,1
_,_,1,0
_,_,1,0
_,_,1,1
_,_,1,1
_,_,1,0
_,_,1,1
_,_,1,0
_,_,1,1
_,_,1,0
_,_,1,0
_,_,1,1
_,_,1,1
_,_,1,1
_,_,1,1
_,_,1,1
_,_,1,1
_,_,1,1
_,_,1,1
_,_,1,1
_,_,1,0
_,_,1,1
_,_,1,1
_,_,1,1
_,_,1,1
_,_,1,0
_,_,1,0
_,_,1,1
_,_,1,1
_,_,1,1
_,_,1,1
_,_,1,1
_,_,1,1
_,_,1,1
_,_,1,0
_,_,1,0
_,_,1,0
_,_,1,1
_,_,1,0
_,_,1,0
_,_,1,0
_,_,1,1
_,_,1,0
_,_,1,0
_,_,1,0
_,_,1,0
_,_,1,0
_,_,1,1
_,_,1,0
_,_,1,0
_,_,1,0
_,_,1,1
_,_,1,0
_,_,1,0
_,_,1,1
_,_,1,1
_,_,1,0
_,_,1,1
_,_,1,1
_,_,1,1
_,_,1,0
_,_,1,0
_,_,1,0
_,_,1,0
_,_,1,1
_,_,1,0
_,_,1,1
_,_,1,0
_,_,1,1
_,_,1,1
_,_,1,1
_,_,1,1
_,_,1,0
_,_,1,1
_,_,1,1
_,_,1,1
_,_,1,0
_,_,1,1
_,_,1,1
_,_,1,1
_,_,1,0
_,_,1,0
_,_,1,0
_,_,1,0
_,_,1,0
_,_,1,0
_,_,1,1
_,_,1,0
_,_,1,0
_,_,1,0
_,_,1,0
_,_,1,1
_,_,1,1
_,_,1,0
_,_,1,1
_,_,1,1
_,_,1,0
_,_,1,1
_,_,1,0
_,_,1,1
_,_,1,1
_,_,1,1
_,_,1,0
_,_,1,1
_,_,1,0
_,_,1,0
_,_,1,1
_,_,1,0
_,_,1,1
_,_,1,1
_,_,1,1
_,_,1,0
_,_,1,1
_,_,1,0
_,_,1,0
_,_,1,0
_,_,1,0
_,_,1,0
_,_,1,1
_,_,1,1
_,_,1,1
_,_,1,0
_,_,1,0
_,_,1,0
_,_,1,1
_,_,1,0
_,_,1,1
_,_,1,0
_,_,1,0
_,_,1,0
_,_,1,0
_,_,1,1
_,_,1,1
_,_,1,1
_,_,1,1
_,_,1,0
_,_,1,1
_,_,1,0
_,_,1,1
_,_,1,0
_,_,1,0
_,_,1,0
_,_,1,1
_,_,1,1
_,_,1,0
_,_,1,0
_,_,1,1
_,_,1,1
_,_,1,0
_,_,1,1
_,_,1,1
_,_,1,1
_,_,1,0
_,_,1,0
_,_,1,1
_,_,1,1
_,_,1,1
_,_,1,0
_,_,1,0
_,_,1,1
_,_,1,0
_,_,1,0
_,_,1,0
_,_,1,1
_,_,1,1
_,_,1,0
_,_,1,1
_,_,1,0
_,_,1,1
_,_,1,0
_,_,1,0
_,_,1,0
_,_,1,1
_,_,1,0
_,_,1,1
_,_,1,0
_,_,1,0
_,_,1,1
_,_,1,0
_,_,1,1
_,_,1,1
_,_,1,1
_,_,1,0
_,_,1,1
_,_,1,0
_,_,1,1
_,_,1,0
_,_,1,0
_,_,1,0
_,_,1,1
_,_,1,0
_,_,1,0
_,_,1,0
_,_,1,1
_,_,1,1
_,_,1,1
_,_,1,1
_,_,1,1
_,_,1,1
_,_,1,1
_,_,1,1
_,_,1,1
_,_,1,1
_,_,1,1
_,_,1,1
_,_,1,1
_,_,1,0
_,_,1,1
_,_,1,1
_,_,1,1
_,_,1,1
_,_,1,1
_,_,1,1
_,_,1,1
_,_,1,1
_,_,1,1
_,_,1,1
_,_,1,1
_,_,1,1
_,_,1,1
_,_,1,1
_,_,1,1
_,_,1,0
_,_,1,0
_,_,1,1
_,_,1,0
_,_,1,1
_,_,1,1
_,_,1,0
_,_,1,1
_,_,1,1
_,_,1,0
_,_,1,0
_,_,1,1
_,_,1,1
_,_,1,1
_,_,1,0
_,_,1,0
_,_,1,1
_,_,1,0
_,_,1,1
_,_,1,1
_,_,1,1
_,_,1,1
_,_,1,0
_,_,1,1
_,_,1,0
_,_,1,1
_,_,1,0
_,_,1,1
_,_,1,1
_,_,1,1
_,_,1,1
_,_,1,1
_,_,1,0
_,_,1,1
_,_,1,1
_,_,1,1
_,_,1,0
_,_,1,0
_,_,1,0
_,_,1,1
_,_,1,0
_,_,1,1
_,_,1,1
_,_,1,0
_,_,1,1
_,_,1,0
_,_,1,1
_,_,1,1
_,_,1,0
_,_,1,1
_,_,1,0
_,_,1,1
_,_,1,1
_,_,1,1
_,_,1,1
_,_,1,1
_,_,1,0
_,_,1,1
_,_,1,1
_,_,1,1
_,_,1,0
_,_,1,1
_,_,1,1
_,_,1,1
_,_,1,1
_,_,1,1
_,_,1,1
_,_,1,0
_,_,1,1
_,_,1,1
_,_,1,1
_,_,1,0
_,_,1,1
_,_,1,1
_,_,1,1
_,_,1,1
_,_,1,1
_,_,1,0
_,_,1,1
_,_,1,0
_,_,1,1
_,_,1,1
_,_,1,1
_,_,1,1
_,_,1,1
_,_,1,0
_,_,1,1
_,_,1,0
_,_,1,1
_,_,1,1
_,_,1,1
_,_,1,1
_,_,1,1
_,_,1,0
_,_,1,1
_,_,1,0
_,_,1,1
_,_,1,1
_,_,1,1
_,_,1,1
_,_,1,1
_,_,1,1
_,_,1,1
_,_,1,1
_,_,1,0
_,_,1,1
_,_,1,0
_,_,1,1
_,_,1,0
_,_,1,1
_,_,1,0
_,_,1,1
_,_,1,1
_,_,1,1
_,_,1,1
_,_,1,1
_,_,1,0
_,_,1,0
_,_,1,1
_,_,1,0
_,_,1,1
_,_,1,1
_,_,1,0
_,_,1,1
_,_,1,1
_,_,1,0
_,_,1,1
_,_,1,1
_,_,1,1
_,_,1,1
_,_,1,0
_,_,1,0
_,_,1,0
_,_,1,0
_,_,1,0
_,_,1,0
_,_,1,1
_,_,1,0
_,_,1,1
_,_,1,1
_,_,1,0
_,_,1,0
_,_,1,0
_,_,1,0
_,_,1,0
_,_,1,1
_,_,1,1
_,_,1,0
_,_,1,1
_,_,1,0
_,_,1,1
_,_,1,0
_,_,1,0
_,_,1,1
_,_,1,0
_,_,1,1
_,_,1,0
_,_,1,1
_,_,1,0
_,_,1,1
_,_,1,0
_,_,1,1
_,_,1,0
_,_,1,0
_,_,1,1
_,_,1,0
_,_,1,0
_,_,1,0
_,_,1,1
_,_,1,1
_,_,1,1
_,_,1,0
_,_,1,1
_,_,1,1
_,_,1,0
_,_,1,1
_,_,1,1
_,_,1,1
_,_,1,1
_,_,1,1
_,_,1,1
_,_,1,0
_,_,1,1
_,_,1,1
_,_,1,0
_,_,1,0
_,_,1,0
_,_,1,1
_,_,1,0
_,_,1,1
_,_,1,1
_,_,1,1
_,_,1,0
_,_,1,0
_,_,1,1
_,_,1,1
_,_,1,0
_,_,1,0
_,_,1,0
_,_,1,0
_,_,1,1
_,_,1,1
_,_,1,0
_,_,1,1
_,_,1,0
_,_,1,0
_,_,1,0
_,_,1,1
_,_,1,0
_,_,1,1
_,_,1,0
_,_,1,0
_,_,1,0
_,_,1,1
_,_,1,1
_,_,1,1
_,_,1,1
_,_,1,0
_,_,1,0
_,_,1,1
_,_,1,0
_,_,1,1
_,_,1,1
_,_,1,0
_,_,1,0
_,_,1,1
_,_,1,0
_,_,1,1
_,_,1,0
_,_,1,1
_,_,1,0
_,_,1,0
_,_,1,0
_,_,1,0
_,_,1,1
_,_,1,0
_,_,1,0
_,_,1,0
_,_,1,1
_,_,1,0
_,_,1,1
_,_,1,1
_,_,1,1
_,_,1,1
_,_,1,1
_,_,1,1
_,_,1,0
_,_,1,1
_,_,1,0
_,_,1,0
_,_,1,0
_,_,1,1
_,_,1,0
_,_,1,1
_,_,1,0
_,_,1,0
_,_,1,0
_,_,1,1
_,_,1,0
_,_,1,0
_,_,1,0
_,_,1,1
_,_,1,0
_,_,1,0
_,_,1,0
_,_,1,0
_,_,1,0
_,_,1,1
_,_,1,1
_,_,1,1
_,_,1,1
_,_,1,0
_,_,1,1
_,_,1,0
_,_,1,0
_,_,1,1
_,_,1,0
_,_,1,0
_,_,1,0
_,_,1,0
_,_,1,1
_,_,1,1
_,_,1,0
_,_,1,1
_,_,1,0
_,_,1,1
_,_,1,0
_,_,1,1
_,_,1,1
_,_,1,0
_,_,1,1
_,_,1,1
_,_,1,0
_,_,1,0
_,_,1,1
_,_,1,0
_,_,1,0
_,_,1,1
_,_,1,1
_,_,1,1
_,_,1,0
_,_,1,0
_,_,1,0
_,_,1,1
_,_,1,0
_,_,1,0
_,_,1,0
_,_,1,0
_,_,1,1
_,_,1,0
_,_,1,0
_,_,1,0
_,_,1,1
_,_,1,0
_,_,1,0
_,_,1,1
_,_,1,0
_,_,1,0
_,_,1,0
_,_,1,1
_,_,1,0
_,_,1,0
_,_,1,1
_,_,1,1
_,_,1,0
_,_,1,0
_,_,1,0
_,_,1,0
_,_,1,1
_,_,1,1
_,_,1,0
_,_,1,1
_,_,1,0
_,_,1,1
_,_,1,1
_,_,1,1
_,_,1,0
_,_,1,0
_,_,1,0
_,_,1,1
_,_,1,1
_,_,1,1
_,_,1,1
_,_,1,1
_,_,1,0
_,_,1,1
_,_,1,1
_,_,1,0
_,_,1,0
_,_,1,0
_,_,1,1
_,_,1,1
_,_,1,1
_,_,1,1
_,_,1,1
_,_,1,1
_,_,1,1
_,_,1,1
_,_,1,0
_,_,1,1
_,_,1,1
_,_,1,1
_,_,1,1
_,_,1,0
_,_,1,0
_,_,1,1
_,_,1,1
_,_,1,0
_,_,1,0
_,_,1,1
_,_,1,1
_,_,1,1
_,_,1,1
_,_,1,1
_,_,1,1
_,_,1,0
_,_,1,1
_,_,1,1
_,_,1,1
_,_,1,0
_,_,1,0
_,_,1,1
_,_,1,1
_,_,1,1
_,_,1,1
_,_,1,1
_,_,1,0
_,_,1,0
_,_,1,1
_,_,1,1
_,_,1,0
_,_,1,1
_,_,1,1
_,_,1,1
_,_,1,1
_,_,1,1
_,_,1,1
_,_,1,0
_,_,1,0
_,_,1,1
_,_,1,0
_,_,1,1
_,_,1,0
_,_,1,1
_,_,1,0
_,_,1,0
_,_,1,0
_,_,1,1
_,_,1,0
_,_,1,0
_,_,1,0
_,_,1,1
_,_,1,0
_,_,1,1
_,_,1,1
_,_,1,0
_,_,1,1
_,_,1,0
_,_,1,0
_,_,1,1
_,_,1,0
_,_,1,0
_,_,1,1
_,_,1,1
_,_,1,1
_,_,1,1
_,_,1,0
_,_,1,0
_,_,1,1
_,_,1,1
_,_,1,1
_,_,1,1
_,_,1,1
_,_,1,1
_,_,1,1
_,_,1,1
_,_,1,0
_,_,1,1
_,_,1,1
_,_,1,1
_,_,1,1
_,_,1,1
_,_,1,1
_,_,1,1
_,_,1,0
_,_,1,1
_,_,1,1
_,_,1,1
_,_,1,1
_,_,1,1
_,_,1,0
_,_,1,0
_,_,1,1
_,_,1,1
_,_,1,1
_,_,1,0
_,_,1,1
_,_,1,1
_,_,1,1
_,_,1,1
_,_,1,0
_,_,1,1
_,_,1,1
_,_,1,1
_,_,1,1
_,_,1,1
_,_,1,1
_,_,1,1
_,_,1,0
_,_,1,1
_,_,1,1
_,_,1,1
_,_,1,0
_,_,1,1
_,_,1,1
_,_,1,1
_,_,1,1
_,_,1,1
_,_,1,1
_,_,1,1
_,_,1,0
_,_,1,1
_,_,1,1
_,_,1,1
_,_,1,1
_,_,1,1
_,_,1,1
_,_,1,1
_,_,1,1
_,_,1,1
_,_,1,1
_,_,1,1
_,_,1,1
_,_,1,1
_,_,1,0
_,_,1,0
_,_,1,1
_,_,1,1
_,_,1,1
_,_,1,0
_,_,1,1
_,_,1,1
_,_,1,0
_,_,1,0
_,_,1,1
_,_,1,1
_,_,1,1
_,_,1,1
_,_,1,1
_,_,1,1
_,_,1,1
_,_,1,1
_,_,1,1
_,_,1,1
_,_,1,1
_,_,1,1
_,_,1,1
_,_,1,1
_,_,1,1
_,_,1,1
_,_,1,1
_,_,1,1
_,_,1,1
_,_,1,1
_,_,1,1
_,_,1,1
_,_,1,1
_,_,1,1
_,_,1,1
_,_,1,1
_,_,1,1
_,_,1,1
_,_,1,1
_,_,1,1
_,_,1,0
_,_,1,0
_,_,1,1
_,_,1,1
_,_,1,1
_,_,1,1
_,_,1,1
_,_,1,1
_,_,1,1
_,_,1,1
_,_,1,0
_,_,1,0
_,_,1,0
_,_,1,1
_,_,1,1
_,_,1,0
_,_,1,0
_,_,1,0
_,_,1,1
_,_,1,1
_,_,1,1
_,_,1,1
_,_,1,1
_,_,1,1
_,_,1,0
_,_,1,1
_,_,1,0
_,_,1,1
_,_,1,0
_,_,1,1
_,_,1,1
_,_,1,0
_,_,1,0
_,_,1,1
_,_,1,0
_,_,1,1
_,_,1,0
_,_,1,0
_,_,1,0
_,_,1,1
_,_,1,0
_,_,1,0
_,_,1,0
_,_,1,1
_,_,1,0
_,_,1,1
_,_,1,1
_,_,1,0
_,_,1,1
_,_,1,1
_,_,1,1
_,_,1,1
_,_,1,1
_,_,1,1
_,_,1,1
_,_,1,1
_,_,1,1
_,_,1,1
_,_,1,0
_,_,1,1
_,_,1,0
_,_,1,0
_,_,1,0
_,_,1,0
_,_,1,1
_,_,1,1
_,_,1,0
_,_,1,0
_,_,1,0
_,_,1,0
_,_,1,1
_,_,1,0
_,_,1,1
_,_,1,1
_,_,1,1
_,_,1,1
_,_,1,1
_,_,1,1
_,_,1,1
_,_,1,1
_,_,1,0
_,_,1,1
_,_,1,0
_,_,1,1
_,_,1,1
_,_,1,0
_,_,1,0
_,_,1,0
_,_,1,1
_,_,1,1
_,_,1,0
_,_,1,0
_,_,1,1
_,_,1,1
_,_,1,1
_,_,1,0
_,_,1,1
_,_,1,1
_,_,1,1
_,_,1,1
_,_,1,0
_,_,1,1
_,_,1,1
_,_,1,1
_,_,1,1
_,_,1,1
_,_,1,1
_,_,1,1
_,_,1,1
_,_,1,1
_,_,1,1
_,_,1,1
_,_,1,1
_,_,1,1
_,_,1,1
_,_,1,0
_,_,1,0
_,_,1,1
_,_,1,1
_,_,1,0
_,_,1,1
_,_,1,1
_,_,1,1
_,_,1,0
_,_,1,1
_,_,1,1
_,_,1,1
_,_,1,0
_,_,1,1
_,_,1,1
_,_,1,1
_,_,1,1
_,_,1,1
_,_,1,0
_,_,1,1
_,_,1,0
_,_,1,1
_,_,1,1
_,_,1,0
_,_,1,1
_,_,1,1
_,_,1,1
_,_,1,1
_,_,1,1
_,_,1,0
_,_,1,1
_,_,1,1
_,_,1,0
_,_,1,0
_,_,1,1
_,_,1,1
_,_,1,0
_,_,1,0
_,_,1,1
_,_,1,1
_,_,1,0
_,_,1,1
_,_,1,1
_,_,1,0
_,_,1,1
_,_,1,0
_,_,1,0
_,_,1,1
_,_,1,1
_,_,1,1
_,_,1,1
_,_,1,0
_,_,1,0
_,_,1,1
_,_,1,0
_,_,1,1
_,_,1,1
_,_,1,1
_,_,1,0
_,_,1,1
_,_,1,1
_,_,1,0
_,_,1,0
_,_,1,1
_,_,1,0
_,_,1,1
_,_,1,1
_,_,1,0
_,_,1,1
_,_,1,1
_,_,1,1
_,_,1,0
_,_,1,1
_,_,1,1
_,_,1,0
_,_,1,1
_,_,1,1
_,_,1,1
_,_,1,1
_,_,1,0
_,_,1,1
_,_,1,1
_,_,1,0
_,_,1,0
_,_,1,0
_,_,1,1
_,_,1,1
_,_,1,1
_,_,1,0
_,_,1,1
_,_,1,0
_,_,1,1
_,_,1,1
_,_,1,1
_,_,1,1
_,_,1,1
_,_,1,1
_,_,1,0
_,_,1,0
_,_,1,1
_,_,1,1
_,_,1,1
_,_,1,1
_,_,1,1
_,_,1,1
_,_,1,1
_,_,1,0
_,_,1,1
_,_,1,0
_,_,1,1
_,_,1,0
_,_,1,1
_,_,1,0
_,_,1,1
_,_,1,0
_,_,1,0
_,_,1,0
_,_,1,1
_,_,1,0
_,_,1,0
_,_,1,0
_,_,1,1
_,_,1,0
_,_,1,1
_,_,1,0
_,_,1,0
_,_,1,0
_,_,1,0
_,_,1,1
_,_,1,0
_,_,1,0
_,_,1,1
_,_,1,1
_,_,1,0
_,_,1,0
_,_,1,0
_,_,1,0
_,_,1,0
_,_,1,0
_,_,1,0
_,_,1,0
_,_,1,1
_,_,1,1
_,_,1,0
_,_,1,1
_,_,1,1
_,_,1,0
_,_,1,1
_,_,1,1
_,_,1,1
_,_,1,0
_,_,1,0
_,_,1,1
_,_,1,1
_,_,1,1
_,_,1,0
_,_,1,0
_,_,1,1
_,_,1,1
_,_,1,0
_,_,1,0
_,_,1,1
_,_,1,0
_,_,1,0
_,_,1,1
_,_,1,1
_,_,1,1
_,_,1,0
_,_,1,0
_,_,1,0
_,_,1,0
_,_,1,1
_,_,1,0
_,_,1,0
_,_,1,1
_,_,1,1
_,_,1,1
_,_,1,1
_,_,1,1
_,_,1,1
_,_,1,1
_,_,1,1
_,_,1,0
_,_,1,1
_,_,1,0
_,_,1,1
_,_,1,0
_,_,1,1
_,_,1,0
_,_,1,0
_,_,1,1
_,_,1,1
_,_,1,0
_,_,1,0
_,_,1,1
_,_,1,1
_,_,1,1
_,_,1,0
_,_,1,1
_,_,1,1
_,_,1,1
_,_,1,0
_,_,1,1
_,_,1,1
_,_,1,0
_,_,1,1
_,_,1,1
_,_,1,1
_,_,1,0
_,_,1,0
_,_,1,1
_,_,1,0
_,_,1,0
_,_,1,0
_,_,1,1
_,_,1,0
_,_,1,0
_,_,1,0
_,_,1,1
_,_,1,1
_,_,1,1
_,_,1,0
_,_,1,0
_,_,1,1
_,_,1,0
_,_,1,0
_,_,1,0
_,_,1,0
_,_,1,0
_,_,1,1
_,_,1,1
_,_,1,0
_,_,1,1
_,_,1,0
_,_,1,0
_,_,1,0
_,_,1,1
_,_,1,1
_,_,1,0
_,_,1,1
_,_,1,1
_,_,1,1
_,_,1,1
_,_,1,0
_,_,1,1
_,_,1,0
_,_,1,0
_,_,1,0
_,_,1,1
_,_,1,0
_,_,1,1
_,_,1,0
_,_,1,1
_,_,1,1
_,_,1,1
_,_,1,1
_,_,1,1
_,_,1,1
_,_,1,1
_,_,1,1
_,_,1,0
_,_,1,0
_,_,1,1
_,_,1,1
_,_,1,0
_,_,1,1
_,_,1,1
_,_,1,1
_,_,1,1
_,_,1,1
_,_,1,1
_,_,1,1
_,_,1,1
_,_,1,1
_,_,1,1
_,_,1,1
_,_,1,1
_,_,1,1
_,_,1,0
_,_,1,0
_,_,1,1
_,_,1,0
_,_,1,1
_,_,1,1
_,_,1,0
_,_,1,1
_,_,1,1
_,_,1,0
_,_,1,0
_,_,1,1
_,_,1,0
_,_,1,0
_,_,1,1
_,_,1,1
_,_,1,1
_,_,1,0
_,_,1,1
_,_,1,1
_,_,1,1
_,_,1,0
_,_,1,0
_,_,1,1
_,_,1,1
_,_,1,0
_,_,1,1
_,_,1,1
_,_,1,0
_,_,1,1
_,_,1,1
_,_,1,1
_,_,1,1
_,_,1,1
_,_,1,0
_,_,1,1
_,_,1,0
_,_,1,0
_,_,1,1
_,_,1,0
_,_,1,0
_,_,1,0
_,_,1,1
_,_,1,1
_,_,1,0
_,_,1,1
_,_,1,1
_,_,1,1
_,_,1,0
_,_,1,0
_,_,1,1
_,_,1,1
_,_,1,0
_,_,1,0
_,_,1,1
_,_,1,1
_,_,1,0
_,_,1,1
_,_,1,0
_,_,1,0
_,_,1,1
_,_,1,0
_,_,1,1
_,_,1,1
_,_,1,0
_,_,1,1
_,_,1,1
_,_,1,0
_,_,1,1
_,_,1,0
_,_,1,0
_,_,1,1
_,_,1,0
_,_,1,0
_,_,1,1
_,_,1,1
_,_,1,0
_,_,1,1
_,_,1,0
_,_,1,0
_,_,1,1
_,_,1,0
_,_,1,0
_,_,1,0
_,_,1,1
_,_,1,0
_,_,1,1
_,_,1,1
_,_,1,1
_,_,1,1
_,_,1,0
_,_,1,1
_,_,1,0
_,_,1,1
_,_,1,1
_,_,1,1
_,_,1,1
_,_,1,0
_,_,1,1
_,_,1,1
_,_,1,0
_,_,1,1
_,_,1,1
_,_,1,1
_,_,1,1
_,_,1,1
_,_,1,0
_,_,1,0
_,_,1,0
_,_,1,1
_,_,1,1
_,_,1,1
_,_,1,0
_,_,1,1
_,_,1,1
_,_,1,0
_,_,1,1
_,_,1,1
_,_,1,0
_,_,1,1
_,_,1,1
_,_,1,1
_,_,1,1
_,_,1,0
_,_,1,1
_,_,1,0
_,_,1,0
_,_,1,1
_,_,1,0
_,_,1,1
_,_,1,1
_,_,1,1
_,_,1,0
_,_,1,1
_,_,1,1
_,_,1,1
_,_,1,0
_,_,1,1
_,_,1,1
_,_,1,1
_,_,1,1
_,_,1,1
_,_,1,0
_,_,1,1
_,_,1,0
_,_,1,1
_,_,1,1
_,_,1,1
_,_,1,1
_,_,1,1
_,_,1,0
_,_,1,1
_,_,1,0
_,_,1,1
_,_,1,1
_,_,1,0
_,_,1,1
_,_,1,1
_,_,1,1
_,_,1,1
_,_,1,1
_,_,1,1
_,_,1,0
_,_,1,0
_,_,1,0
_,_,1,0
_,_,1,1
_,_,1,1
_,_,1,0
_,_,1,1
_,_,1,1
_,_,1,1
_,_,1,1
_,_,1,1
_,_,1,1
_,_,1,0
_,_,1,0
_,_,1,1
_,_,1,0
_,_,1,1
_,_,1,1
_,_,1,1
_,_,1,0
_,_,1,1
_,_,1,1
_,_,1,1
_,_,1,1
_,_,1,0
_,_,1,0
_,_,1,0
_,_,1,1
_,_,1,0
_,_,1,0
_,_,1,0
_,_,1,1
_,_,1,1
_,_,1,1
_,_,1,1
_,_,1,0
_,_,1,1
_,_,1,1
_,_,1,1
_,_,1,1
_,_,1,0
_,_,1,1
_,_,1,0
_,_,1,1
_,_,1,0
_,_,1,1
_,_,1,0
_,_,1,1
_,_,1,1
_,_,1,1
_,_,1,1
_,_,1,1
_,_,1,1
_,_,1,1
_,_,1,1
_,_,1,1
_,_,1,1
_,_,1,1
_,_,1,1
_,_,1,1
_,_,1,1
_,_,1,1
_,_,1,1
_,_,1,1
_,_,1,0
_,_,1,1
_,_,1,0
_,_,1,1
_,_,1,1
_,_,1,1
_,_,1,1
_,_,1,1
_,_,1,0
_,_,1,1
_,_,1,1
_,_,1,1
_,_,1,0
_,_,1,1
_,_,1,1
_,_,1,1
_,_,1,1
_,_,1,1
_,_,1,1
_,_,1,1
_,_,1,1
_,_,1,1
_,_,1,1
_,_,1,1
_,_,1,1
_,_,1,1
_,_,1,1
_,_,1,0
_,_,1,1
_,_,1,1
_,_,1,1
_,_,1,1
_,_,1,1
_,_,1,1
_,_,1,1
_,_,1,0
_,_,1,0
_,_,1,1
_,_,1,1
_,_,1,1
_,_,1,1
_,_,1,1
_,_,1,1
_,_,1,0
_,_,1,1
_,_,1,1
_,_,1,1
_,_,1,1
_,_,1,0
_,_,1,1
_,_,1,1
_,_,1,1
_,_,1,1
_,_,1,1
_,_,1,0
_,_,1,1
_,_,1,1
_,_,1,1
_,_,1,0
_,_,1,0
_,_,1,1
_,_,1,0
_,_,1,1
_,_,1,0
_,_,1,1
_,_,1,1
_,_,1,1
_,_,1,1
_,_,1,1
_,_,1,1
_,_,1,1
_,_,1,1
_,_,1,1
_,_,1,1
_,_,1,1
_,_,1,1
_,_,1,1
_,_,1,1
_,_,1,1
_,_,1,0
_,_,1,0
_,_,1,1
_,_,1,1
_,_,1,1
_,_,1,1
_,_,1,1
_,_,1,0
_,_,1,1
_,_,1,0
_,_,1,1
_,_,1,1
_,_,1,1
_,_,1,1
_,_,1,1
_,_,1,1
_,_,1,1
_,_,1,1
_,_,1,1
_,_,1,1
_,_,1,1
_,_,1,1
_,_,1,1
_,_,1,1
_,_,1,1
_,_,1,1
_,_,1,0
_,_,1,1
_,_,1,1
_,_,1,0
_,_,1,0
_,_,1,1
_,_,1,0
_,_,1,1
_,_,1,1
_,_,1,1
_,_,1,1
_,_,1,0
_,_,1,1
_,_,1,1
_,_,1,1
_,_,1,1
_,_,1,1
_,_,1,1
_,_,1,1
_,_,1,1
_,_,1,1
_,_,1,1
_,_,1,1
_,_,1,1
_,_,1,1
_,_,1,1
_,_,1,1
_,_,1,1
_,_,1,0
_,_,1,1
_,_,1,1
_,_,1,0
_,_,1,0
_,_,1,1
_,_,1,1
_,_,1,1
_,_,1,1
_,_,1,1
_,_,1,1
_,_,1,1
_,_,1,1
_,_,1,1
_,_,1,1
_,_,1,1
_,_,1,1
_,_,1,1
_,_,1,0
_,_,1,0
_,_,1,1
_,_,1,1
_,_,1,1
_,_,1,1
_,_,1,1
_,_,1,1
_,_,1,0
_,_,1,1
_,_,1,1
_,_,1,1
_,_,1,1
_,_,1,1
_,_,1,1
_,_,1,0
_,_,1,1
_,_,1,1
_,_,1,0
_,_,1,0
_,_,1,1
_,_,1,1
_,_,1,1
_,_,1,1
_,_,1,1
_,_,1,1
_,_,1,1
_,_,1,1
_,_,1,1
_,_,1,1
_,_,1,1
_,_,1,0
_,_,1,1
_,_,1,0
_,_,1,0
_,_,1,1
_,_,1,1
_,_,1,1
_,_,1,1
_,_,1,0
_,_,1,1
_,_,1,1
_,_,1,1
_,_,1,1
_,_,1,1
_,_,1,0
_,_,1,0
_,_,1,0
_,_,1,1
_,_,1,1
_,_,1,0
_,_,1,1
_,_,1,0
_,_,1,1
_,_,1,1
_,_,1,0
_,_,1,0
_,_,1,1
_,_,1,1
_,_,1,1
_,_,1,0
_,_,1,1
_,_,1,1
_,_,1,0
_,_,1,1
_,_,1,0
_,_,1,1
_,_,1,1
_,_,1,1
_,_,1,1
_,_,1,1
_,_,1,0
_,_,1,0
_,_,1,1
_,_,1,0
_,_,1,0
_,_,1,1
_,_,1,0
_,_,1,1
_,_,1,0
_,_,1,0
_,_,1,1
_,_,1,1
_,_,1,1
_,_,1,1
_,_,1,1
_,_,1,1
_,_,1,1
_,_,1,0
_,_,1,0
_,_,1,1
_,_,1,1
_,_,1,0
_,_,1,0
_,_,1,1
_,_,1,0
_,_,1,0
_,_,1,0
_,_,1,1
_,_,1,1
_,_,1,1
_,_,1,0
_,_,1,0
_,_,1,1
_,_,1,1
_,_,1,1
_,_,1,0
_,_,1,1
_,_,1,1
_,_,1,0
_,_,1,0
_,_,1,0
_,_,1,0
_,_,1,1
_,_,1,1
_,_,1,1
_,_,1,1
_,_,1,0
_,_,1,0
_,_,1,1
_,_,1,1
_,_,1,1
_,_,1,1
_,_,1,0
_,_,1,1
_,_,1,0
_,_,1,1
_,_,1,1
_,_,1,1
_,_,1,1
_,_,1,0
_,_,1,0
_,_,1,0
_,_,1,0
_,_,1,1
_,_,1,0
_,_,1,1
_,_,1,1
_,_,1,0
_,_,1,0
_,_,1,1
_,_,1,1
_,_,1,0
_,_,1,0
_,_,1,0
_,_,1,0
_,_,1,0
_,_,1,0
_,_,1,1
_,_,1,1
_,_,1,0
_,_,1,1
_,_,1,0
_,_,1,0
_,_,1,1
_,_,1,1
_,_,1,1
_,_,1,0
_,_,1,0
_,_,1,0
_,_,1,1
_,_,1,1
_,_,1,1
_,_,1,0
_,_,1,1
_,_,1,0
_,_,1,0
_,_,1,1
_,_,1,1
_,_,1,1
_,_,1,0
_,_,1,0
_,_,1,0
_,_,1,1
_,_,1,0
_,_,1,0
_,_,1,0
_,_,1,1
_,_,1,0
_,_,1,1
_,_,1,0
_,_,1,1
_,_,1,0
_,_,1,1
_,_,1,1
_,_,1,0
_,_,1,1
_,_,1,1
_,_,1,1
_,_,1,1
_,_,1,1
_,_,1,0
_,_,1,1
_,_,1,1
_,_,1,1
_,_,1,0
_,_,1,0
_,_,1,1
_,_,1,0
_,_,1,0
_,_,1,0
_,_,1,0
_,_,1,1
_,_,1,1
_,_,1,1
_,_,1,0
_,_,1,1
_,_,1,1
_,_,1,1
_,_,1,1
_,_,1,0
_,_,1,1
_,_,1,1
_,_,1,0
_,_,1,0
_,_,1,1
_,_,1,1
_,_,1,1
_,_,1,1
_,_,1,1
_,_,1,1
_,_,1,0
_,_,1,1
_,_,1,1
_,_,1,1
_,_,1,1
_,_,1,0
_,_,1,0
_,_,1,1
_,_,1,1
_,_,1,1
_,_,1,1
_,_,1,0
_,_,1,1
_,_,1,0
_,_,1,0
_,_,1,1
_,_,1,1
_,_,1,1
_,_,1,1
_,_,1,1
_,_,1,1
_,_,1,1
_,_,1,1
_,_,1,0
_,_,1,0
_,_,1,0
_,_,1,1
_,_,1,0
_,_,1,0
_,_,1,1
_,_,1,0
_,_,1,0
_,_,1,1
_,_,1,1
_,_,1,1
_,_,1,0
_,_,1,0
_,_,1,1
_,_,1,1
_,_,1,1
_,_,1,1
_,_,1,1
_,_,1,1
_,_,1,0
_,_,1,0
_,_,1,1
_,_,1,1
_,_,1,0
_,_,1,1
_,_,1,1
_,_,1,1
_,_,1,1
_,_,1,0
_,_,1,1
_,_,1,1
_,_,1,1
_,_,1,1
_,_,1,0
_,_,1,1
_,_,1,1
_,_,1,0
_,_,1,0
_,_,1,1
_,_,1,1
_,_,1,1
_,_,1,0
_,_,1,1
_,_,1,1
_,_,1,1
_,_,1,1
_,_,1,0
_,_,1,1
_,_,1,1
_,_,1,1
_,_,1,1
_,_,1,1
_,_,1,1
_,_,1,1
_,_,1,1
_,_,1,1
_,_,1,1
_,_,1,0
_,_,1,0
_,_,1,1
_,_,1,1
_,_,1,1
_,_,1,0
_,_,1,0
_,_,1,1
_,_,1,1
_,_,1,1
_,_,1,1
_,_,1,1
_,_,1,1
_,_,1,1
_,_,1,1
_,_,1,0
_,_,1,0
_,_,1,1
_,_,1,1
_,_,1,0
_,_,1,1
_,_,1,0
_,_,1,1
_,_,1,1
_,_,1,1
_,_,1,0
_,_,1,0
_,_,1,0
_,_,1,1
_,_,1,0
_,_,1,1
_,_,1,1
_,_,1,0
_,_,1,1
_,_,1,1
_,_,1,0
_,_,1,1
_,_,1,0
_,_,1,1
_,_,1,1
_,_,1,0
_,_,1,1
_,_,1,0
_,_,1,1
_,_,1,1
_,_,1,0
_,_,1,0
_,_,1,1
_,_,1,0
_,_,1,1
_,_,1,1
_,_,1,0
_,_,1,0
_,_,1,0
_,_,1,1
_,_,1,1
_,_,1,1
_,_,1,1
_,_,1,0
_,_,1,0
_,_,1,1
_,_,1,0
_,_,1,1
_,_,1,0
_,_,1,1
_,_,1,1
_,_,1,1
_,_,1,1
_,_,1,1
_,_,1,0
_,_,1,0
_,_,1,0
_,_,1,0
_,_,1,0
_,_,1,0
_,_,1,1
_,_,1,1
_,_,1,1
_,_,1,1
_,_,1,1
_,_,1,1
_,_,1,1
_,_,1,0
_,_,1,1
_,_,1,0
_,_,1,0
_,_,1,0
_,_,1,1
_,_,1,0
_,_,1,0
_,_,1,0
_,_,1,1
_,_,1,0
_,_,1,1
_,_,1,1
_,_,1,1
_,_,1,1
_,_,1,1
_,_,1,0
_,_,1,1
_,_,1,0
_,_,1,1
_,_,1,1
_,_,1,1
_,_,1,1
_,_,1,0
_,_,1,1
_,_,1,1
_,_,1,0
_,_,1,1
_,_,1,0
_,_,1,1
_,_,1,1
_,_,1,1
_,_,1,0
_,_,1,0
_,_,1,1
_,_,1,1
_,_,1,1
_,_,1,1
_,_,1,1
_,_,1,0
_,_,1,1
_,_,1,1
_,_,1,1
_,_,1,1
_,_,1,1
_,_,1,0
_,_,1,0
_,_,1,0
_,_,1,0
_,_,1,0
_,_,1,0
_,_,1,0
_,_,1,1
_,_,1,1
_,_,1,1
_,_,1,0
_,_,1,0
_,_,1,0
_,_,1,0
_,_,1,0
_,_,1,1
_,_,1,1
_,_,1,0
_,_,1,0
_,_,1,1
_,_,1,0
_,_,1,0
_,_,1,0
_,_,1,0
_,_,1,1
_,_,1,0
_,_,1,1
_,_,1,0
_,_,1,0
_,_,1,0
_,_,1,1
_,_,1,0
_,_,1,1
_,_,1,0
_,_,1,1
_,_,1,1
_,_,1,0
_,_,1,1
_,_,1,0
_,_,1,1
_,_,1,0
_,_,1,1
_,_,1,1
_,_,1,0
_,_,1,0
_,_,1,0
_,_,1,1
_,_,1,0
_,_,1,0
_,_,1,0
_,_,1,0
_,_,1,1
_,_,1,0
_,_,1,0
_,_,1,0
_,_,1,0
_,_,1,1
_,_,1,1
_,_,1,1
_,_,1,1
_,_,1,1
_,_,1,1
_,_,1,0
_,_,1,1
_,_,1,0
_,_,1,0
_,_,1,0
_,_,1,0
_,_,1,1
_,_,1,0
_,_,1,0
_,_,1,1
_,_,1,1
_,_,1,0
_,_,1,1
_,_,1,0
_,_,1,0
_,_,1,0
_,_,1,0
_,_,1,0
_,_,1,1
_,_,1,1
_,_,1,1
_,_,1,1
_,_,1,1
_,_,1,0
_,_,1,0
_,_,1,1
_,_,1,0
_,_,1,1
_,_,1,1
_,_,1,0
_,_,1,1
_,_,1,0
_,_,1,1
_,_,1,0
_,_,1,1
_,_,1,1
_,_,1,0
_,_,1,0
_,_,1,1
_,_,1,0
_,_,1,1
_,_,1,0
_,_,1,0
_,_,1,1
_,_,1,0
_,_,1,1
_,_,1,1
_,_,1,1
_,_,1,1
_,_,1,1
_,_,1,1
_,_,1,1
_,_,1,0
_,_,1,1
_,_,1,1
_,_,1,1
_,_,1,1
_,_,1,1
_,_,1,1
_,_,1,1
_,_,1,0
_,_,1,1
_,_,1,1
_,_,1,1
_,_,1,1
_,_,1,1
_,_,1,1
_,_,1,1
_,_,1,1
_,_,1,1
_,_,1,1
_,_,1,1
_,_,1,1
_,_,1,1
_,_,1,1
_,_,1,1
_,_,1,0
_,_,1,1
_,_,1,1
_,_,1,1
_,_,1,1
_,_,1,1
_,_,1,1
_,_,1,0
_,_,1,0
_,_,1,1
_,_,1,1
_,_,1,0
_,_,1,0
_,_,1,1
_,_,1,0
_,_,1,1
_,_,1,0
_,_,1,1
_,_,1,1
_,_,1,1
_,_,1,1
_,_,1,1
_,_,1,1
_,_,1,1
_,_,1,1
_,_,1,1
_,_,1,1
_,_,1,1
_,_,1,1
_,_,1,1
_,_,1,1
_,_,1,1
_,_,1,0
_,_,1,1
_,_,1,0
_,_,1,1
_,_,1,1
_,_,1,1
_,_,1,1
_,_,1,1
_,_,1,1
_,_,1,0
_,_,1,1
_,_,1,0
_,_,1,1
_,_,1,1
_,_,1,1
_,_,1,0
_,_,1,1
_,_,1,0
_,_,1,1
_,_,1,1
_,_,1,1
_,_,1,1
_,_,1,1
_,_,1,1
_,_,1,1
_,_,1,1
_,_,1,1
_,_,1,1
_,_,1,1
_,_,1,1
_,_,1,1
_,_,1,0
_,_,1,1
_,_,1,1
_,_,1,1
_,_,1,1
_,_,1,1
_,_,1,0
_,_,1,1
_,_,1,1
_,_,1,1
_,_,1,1
_,_,1,1
_,_,1,1
_,_,1,1
_,_,1,1
_,_,1,0
_,_,1,1
_,_,1,0
_,_,1,1
_,_,1,0
_,_,1,1
_,_,1,1
_,_,1,0
_,_,1,1
_,_,1,1
_,_,1,0
_,_,1,0
_,_,1,1
_,_,1,1
_,_,1,1
_,_,1,1
_,_,1,1
_,_,1,1
_,_,1,1
_,_,1,1
_,_,1,0
_,_,1,1
_,_,1,1
_,_,1,0
_,_,1,1
_,_,1,1
_,_,1,1
_,_,1,0
_,_,1,1
_,_,1,1
_,_,1,1
_,_,1,1
_,_,1,1
_,_,1,1
_,_,1,1
_,_,1,1
_,_,1,0
_,_,1,0
_,_,1,1
_,_,1,1
_,_,1,0
_,_,1,0
_,_,1,0
_,_,1,1
_,_,1,1
_,_,1,0
_,_,1,1
_,_,1,1
_,_,1,1
_,_,1,0
_,_,1,1
_,_,1,1
_,_,1,0
_,_,1,1
_,_,1,1
_,_,1,0
_,_,1,1
_,_,1,1
_,_,1,0
_,_,1,0
_,_,1,1
_,_,1,1
_,_,1,1
_,_,1,0
_,_,1,1
_,_,1,1
_,_,1,0
_,_,1,0
_,_,1,0
_,_,1,0
_,_,1,0
_,_,1,1
_,_,1,0
_,_,1,1
_,_,1,0
_,_,1,0
_,_,1,0
_,_,1,1
_,_,1,1
_,_,1,1
_,_,1,1
_,_,1,0
_,_,1,0
_,_,1,1
_,_,1,1
_,_,1,1
_,_,1,1
_,_,1,1
_,_,1,0
_,_,1,1
_,_,1,1
_,_,1,0
_,_,1,1
_,_,1,1
_,_,1,1
_,_,1,1
_,_,1,1
_,_,1,1
_,_,1,0
_,_,1,0
_,_,1,1
_,_,1,1
_,_,1,1
_,_,1,1
_,_,1,1
_,_,1,1
_,_,1,0
_,_,1,1
_,_,1,1
_,_,1,1
_,_,1,1
_,_,1,0
_,_,1,0
_,_,1,1
_,_,1,1
_,_,1,1
_,_,1,1
_,_,1,0
_,_,1,0
_,_,1,1
_,_,1,0
_,_,1,0
_,_,1,1
_,_,1,1
_,_,1,1
_,_,1,1
_,_,1,0
_,_,1,1
_,_,1,0
_,_,1,0
_,_,1,1
_,_,1,1
_,_,1,0
_,_,1,0
_,_,1,1
_,_,1,1
_,_,1,1
_,_,1,1
_,_,1,0
_,_,1,1
_,_,1,1
_,_,1,1
_,_,1,1
_,_,1,0
_,_,1,1
_,_,1,0
_,_,1,0
_,_,1,1
_,_,1,1
_,_,1,0
_,_,1,1
_,_,1,1
_,_,1,1
_,_,1,0
_,_,1,0
_,_,1,1
_,_,1,1
_,_,1,1
_,_,1,1
_,_,1,0
_,_,1,1
_,_,1,1
_,_,1,1
_,_,1,0
_,_,1,1
_,_,1,0
_,_,1,1
_,_,1,1
_,_,1,1
_,_,1,0
_,_,1,1
_,_,1,0
_,_,1,1
_,_,1,0
_,_,1,1
_,_,1,0
_,_,1,1
_,_,1,1
_,_,1,0
_,_,1,1
_,_,1,1
_,_,1,1
_,_,1,0
_,_,1,1
_,_,1,1
_,_,1,1
_,_,1,0
_,_,1,1
_,_,1,1
_,_,1,0
_,_,1,1
_,_,1,0
_,_,1,0
_,_,1,1
_,_,1,1
_,_,1,1
_,_,1,0
_,_,1,1
_,_,1,1
_,_,1,0
_,_,1,1
_,_,1,0
_,_,1,1
_,_,1,1
_,_,1,0
_,_,1,0
_,_,1,0
_,_,1,1
_,_,1,1
_,_,1,1
_,_,1,1
_,_,1,1
_,_,1,0
_,_,1,1
_,_,1,0
_,_,1,1
_,_,1,1
_,_,1,0
_,_,1,1
_,_,1,0
_,_,1,0
_,_,1,1
_,_,1,1
_,_,1,1
_,_,1,1
_,_,1,0
_,_,1,1
_,_,1,1
_,_,1,1
_,_,1,0
_,_,1,0
_,_,1,0
_,_,1,1
_,_,1,0
_,_,1,1
_,_,1,1
_,_,1,0
_,_,1,1
_,_,1,1
_,_,1,1
_,_,1,1
_,_,1,1
_,_,1,1
_,_,1,1
_,_,1,0
_,_,1,1
_,_,1,1
_,_,1,0
_,_,1,1
_,_,1,1
_,_,1,0
_,_,1,0
_,_,1,1
_,_,1,0
_,_,1,0
_,_,1,1
_,_,1,0
_,_,1,1
_,_,1,1
_,_,1,0
_,_,1,0
_,_,1,1
_,_,1,0
_,_,1,1
_,_,1,1
_,_,1,1
_,_,1,1
_,_,1,1
_,_,1,1
_,_,1,0
_,_,1,1
_,_,1,1
_,_,1,1
_,_,1,1
_,_,1,1
_,_,1,1
_,_,1,1
_,_,1,1
_,_,1,0
_,_,1,0
_,_,1,0
_,_,1,0
_,_,1,1
_,_,1,1
_,_,1,0
_,_,1,1
_,_,1,1
_,_,1,0
_,_,1,0
_,_,1,1
_,_,1,0
_,_,1,1
_,_,1,0
_,_,1,1
_,_,1,0
_,_,1,1
_,_,1,1
_,_,1,0
_,_,1,1
_,_,1,1
_,_,1,1
_,_,1,0
_,_,1,1
_,_,1,1
_,_,1,1
_,_,1,0
_,_,1,1
_,_,1,0
_,_,1,1
_,_,1,0
_,_,1,1
_,_,1,1
_,_,1,1
_,_,1,0
_,_,1,1
_,_,1,0
_,_,1,1
_,_,1,1
_,_,1,0
_,_,1,1
_,_,1,1
_,_,1,1
_,_,1,1
_,_,1,1
_,_,1,0
_,_,1,1
_,_,1,1
_,_,1,1
_,_,1,1
_,_,1,1
_,_,1,1
_,_,1,0
_,_,1,1
_,_,1,1
_,_,1,1
_,_,1,0
_,_,1,1
_,_,1,1
_,_,1,1
_,_,1,1
_,_,1,1
_,_,1,1
_,_,1,1
_,_,1,0
_,_,1,0
_,_,1,1
_,_,1,0
_,_,1,1
_,_,1,1
_,_,1,0
_,_,1,1
_,_,1,1
_,_,1,1
_,_,1,0
_,_,1,0
_,_,1,1
_,_,1,0
_,_,1,1
_,_,1,1
_,_,1,0
_,_,1,1
_,_,1,0
_,_,1,0
_,_,1,1
_,_,1,0
_,_,1,1
_,_,1,0
_,_,1,1
_,_,1,1
_,_,1,0
_,_,1,0
_,_,1,1
_,_,1,1
_,_,1,1
_,_,1,1
_,_,1,1
_,_,1,1
_,_,1,1
_,_,1,0
_,_,1,1
_,_,1,0
_,_,1,0
_,_,1,1
_,_,1,1
_,_,1,1
_,_,1,1
_,_,1,0
_,_,1,1
_,_,1,1
_,_,1,1
_,_,1,1
_,_,1,1
_,_,1,0
_,_,1,1
_,_,1,1
_,_,1,1
_,_,1,1
_,_,1,1
_,_,1,1
_,_,1,1
_,_,1,1
_,_,1,1
_,_,1,1
_,_,1,1
_,_,1,1
_,_,1,1
_,_,1,0
_,_,1,1
_,_,1,1
_,_,1,1
_,_,1,1
_,_,1,1
_,_,1,1
_,_,1,0
_,_,1,1
_,_,1,1
_,_,1,1
_,_,1,1
_,_,1,1
_,_,1,1
_,_,1,1
_,_,1,1
_,_,1,1
_,_,1,1
_,_,1,1
_,_,1,0
_,_,1,0
_,_,1,1
_,_,1,1
_,_,1,1
_,_,1,1
_,_,1,1
_,_,1,0
_,_,1,1
_,_,1,0
_,_,1,1
_,_,1,0
_,_,1,1
_,_,1,1
_,_,1,1
_,_,1,1
_,_,1,1
_,_,1,1
_,_,1,1
_,_,1,0
_,_,1,1
_,_,1,1
_,_,1,1
_,_,1,1
_,_,1,1
_,_,1,1
_,_,1,1
_,_,1,1
_,_,1,1
_,_,1,1
_,_,1,1
_,_,1,1
_,_,1,1
_,_,1,0
_,_,1,1
_,_,1,1
_,_,1,1
_,_,1,1
_,_,1,1
_,_,1,0
_,_,1,0
_,_,1,1
_,_,1,0
_,_,1,1
_,_,1,1
_,_,1,1
_,_,1,1
_,_,1,0
_,_,1,1
_,_,1,1
_,_,1,1
_,_,1,1
_,_,1,1
_,_,1,1
_,_,1,0
_,_,1,1
_,_,1,1
_,_,1,1
_,_,1,1
_,_,1,1
_,_,1,1
_,_,1,1
_,_,1,0
_,_,1,0
_,_,1,1
_,_,1,1
_,_,1,1
_,_,1,1
_,_,1,0
_,_,1,1
_,_,1,1
_,_,1,0
_,_,1,1
_,_,1,1
_,_,1,1
_,_,1,1
_,_,1,1
_,_,1,1
_,_,1,1
_,_,1,1
_,_,1,1
_,_,1,1
_,_,1,1
_,_,1,1
_,_,1,1
_,_,1,1
_,_,1,1
_,_,1,0
_,_,1,1
_,_,1,1
_,_,1,1
_,_,1,0
_,_,1,0
_,_,1,0
_,_,1,0
_,_,1,1
_,_,1,0
_,_,1,0
_,_,1,1
_,_,1,0
_,_,1,0
_,_,1,1
_,_,1,1
_,_,1,1
_,_,1,0
_,_,1,1
_,_,1,1
_,_,1,1
_,_,1,0
_,_,1,0
_,_,1,0
_,_,1,0
_,_,1,1
_,_,1,0
_,_,1,0
_,_,1,1
_,_,1,0
_,_,1,0
_,_,1,1
_,_,1,0
_,_,1,1
_,_,1,0
_,_,1,1
_,_,1,0
_,_,1,0
_,_,1,0
_,_,1,0
_,_,1,0
_,_,1,1
_,_,1,0
_,_,1,1
_,_,1,0
_,_,1,1
_,_,1,1
_,_,1,1
_,_,1,1
_,_,1,0
_,_,1,1
_,_,1,0
_,_,1,1
_,_,1,1
_,_,1,0
_,_,1,1
_,_,1,1
_,_,1,0
_,_,1,0
_,_,1,0
_,_,1,1
_,_,1,0
_,_,1,1
_,_,1,1
_,_,1,0
_,_,1,1
_,_,1,1
_,_,1,0
_,_,1,0
_,_,1,1
_,_,1,0
_,_,1,1
_,_,1,0
_,_,1,0
_,_,1,1
_,_,1,0
_,_,1,1
_,_,1,0
_,_,1,1
_,_,1,0
_,_,1,0
_,_,1,0
_,_,1,0
_,_,1,0
_,_,1,1
_,_,1,1
_,_,1,0
_,_,1,0
_,_,1,1
_,_,1,0
_,_,1,1
_,_,1,0
_,_,1,0
_,_,1,1
_,_,1,0
_,_,1,1
_,_,1,1
_,_,1,0
_,_,1,0
_,_,1,0
_,_,1,1
_,_,1,1
_,_,1,0
_,_,1,1
_,_,1,1
_,_,1,0
_,_,1,1
_,_,1,1
_,_,1,1
_,_,1,1
_,_,1,1
_,_,1,1
_,_,1,0
_,_,1,0
_,_,1,0
_,_,1,1
_,_,1,0
_,_,1,0
_,_,1,1
_,_,1,1
_,_,1,1
_,_,1,0
_,_,1,1
_,_,1,0
_,_,1,1
_,_,1,0
_,_,1,1
_,_,1,1
_,_,1,0
_,_,1,1
_,_,1,1
_,_,1,1
_,_,1,1
_,_,1,0
_,_,1,0
_,_,1,1
_,_,1,1
_,_,1,0
_,_,1,0
_,_,1,0
_,_,1,1
_,_,1,1
_,_,1,1
_,_,1,0
_,_,1,0
_,_,1,0
_,_,1,1
_,_,1,0
_,_,1,1
_,_,1,1
_,_,1,1
_,_,1,1
_,_,1,0
_,_,1,1
_,_,1,0
_,_,1,1
_,_,1,0
_,_,1,1
_,_,1,0
_,_,1,1
_,_,1,1
_,_,1,1
_,_,1,0
_,_,1,1
_,_,1,0
_,_,1,0
_,_,1,1
_,_,1,1
_,_,1,1
_,_,1,0
_,_,1,0
_,_,1,1
_,_,1,0
_,_,1,0
_,_,1,1
_,_,1,0
_,_,1,1
_,_,1,0
_,_,1,1
_,_,1,1
_,_,1,0
_,_,1,1
_,_,1,0
_,_,1,0
_,_,1,0
_,_,1,0
_,_,1,0
_,_,1,1
_,_,1,1
_,_,1,1
_,_,1,1
_,_,1,1
_,_,1,1
_,_,1,1
_,_,1,0
_,_,1,0
_,_,1,1
_,_,1,0
_,_,1,1
_,_,1,1
_,_,1,1
_,_,1,0
_,_,1,0
_,_,1,0
_,_,1,0
_,_,1,1
_,_,1,1
_,_,1,0
_,_,1,0
_,_,1,1
_,_,1,1
_,_,1,1
_,_,1,1
_,_,1,0
_,_,1,1
_,_,1,0
_,_,1,1
_,_,1,0
_,_,1,1
_,_,1,1
_,_,1,1
_,_,1,1
_,_,1,1
_,_,1,1
_,_,1,1
_,_,1,0
_,_,1,0
_,_,1,1
_,_,1,0
_,_,1,0
_,_,1,1
_,_,1,1
_,_,1,1
_,_,1,1
_,_,1,1
_,_,1,1
_,_,1,1
_,_,1,1
_,_,1,1
_,_,1,0
_,_,1,1
_,_,1,0
_,_,1,0
_,_,1,1
_,_,1,0
_,_,1,1
_,_,1,1
_,_,1,1
_,_,1,0
_,_,1,1
_,_,1,1
_,_,1,0
_,_,1,1
_,_,1,0
_,_,1,1
_,_,1,1
_,_,1,1
_,_,1,0
_,_,1,1
_,_,1,1
_,_,1,0
_,_,1,1
_,_,1,0
_,_,1,1
_,_,1,1
_,_,1,0
_,_,1,1
_,_,1,0
_,_,1,0
_,_,1,0
_,_,1,1
_,_,1,1
_,_,1,1
_,_,1,1
_,_,1,1
_,_,1,1
_,_,1,0
_,_,1,1
_,_,1,0
_,_,1,1
_,_,1,0
_,_,1,0
_,_,1,1
_,_,1,1
_,_,1,1
_,_,1,0
_,_,1,1
_,_,1,1
_,_,1,1
_,_,1,1
_,_,1,1
_,_,1,0
_,_,1,1
_,_,1,0
_,_,1,1
_,_,1,1
_,_,1,1
_,_,1,1
_,_,1,1
_,_,1,1
_,_,1,1
_,_,1,1
_,_,1,1
_,_,1,1
_,_,1,1
_,_,1,1
_,_,1,1
_,_,1,0
_,_,1,0
_,_,1,1
_,_,1,1
_,_,1,1
_,_,1,1
_,_,1,1
_,_,1,1
_,_,1,0
_,_,1,1
_,_,1,1
_,_,1,1
_,_,1,1
_,_,1,1
_,_,1,0
_,_,1,1
_,_,1,0
_,_,1,0
_,_,1,1
_,_,1,1
_,_,1,0
_,_,1,0
_,_,1,1
_,_,1,1
_,_,1,1
_,_,1,1
_,_,1,1
_,_,1,1
_,_,1,1
_,_,1,1
_,_,1,0
_,_,1,1
_,_,1,1
_,_,1,0
_,_,1,1
_,_,1,1
_,_,1,1
_,_,1,0
_,_,1,1
_,_,1,0
_,_,1,1
_,_,1,0
_,_,1,0
_,_,1,0
_,_,1,1
_,_,1,1
_,_,1,1
_,_,1,0
_,_,1,1
_,_,1,1
_,_,1,1
_,_,1,0
_,_,1,0
_,_,1,1
_,_,1,1
_,_,1,1
_,_,1,1
_,_,1,1
_,_,1,0
_,_,1,0
_,_,1,1
_,_,1,0
_,_,1,1
_,_,1,1
_,_,1,0
_,_,1,1
_,_,1,1
_,_,1,0
_,_,1,0
_,_,1,1
_,_,1,1
_,_,1,0
_,_,1,1
_,_,1,1
_,_,1,0
_,_,1,1
_,_,1,1
_,_,1,0
_,_,1,0
_,_,1,0
_,_,1,1
_,_,1,1
_,_,1,1
_,_,1,1
_,_,1,1
_,_,1,1
_,_,1,0
_,_,1,0
_,_,1,0
_,_,1,0
_,_,1,0
_,_,1,1
_,_,1,0
_,_,1,1
_,_,1,0
_,_,1,1
_,_,1,1
_,_,1,1
_,_,1,1
_,_,1,1
_,_,1,1
_,_,1,1
_,_,1,1
_,_,1,0
_,_,1,0
_,_,1,0
_,_,1,0
_,_,1,1
_,_,1,0
_,_,1,1
_,_,1,0
_,_,1,0
_,_,1,0
_,_,1,0
_,_,1,1
_,_,1,0
_,_,1,1
_,_,1,0
_,_,1,0
_,_,1,0
_,_,1,0
_,_,1,0
_,_,1,0
_,_,1,1
_,_,1,0
_,_,1,0
_,_,1,1
_,_,1,1
_,_,1,1
_,_,1,1
_,_,1,1
_,_,1,1
_,_,1,1
_,_,1,1
_,_,1,1
_,_,1,1
_,_,1,0
_,_,1,0
_,_,1,1
_,_,1,0
_,_,1,0
_,_,1,1
_,_,1,0
_,_,1,1
_,_,1,1
_,_,1,1
_,_,1,0
_,_,1,0
_,_,1,0
_,_,1,0
_,_,1,1
_,_,1,1
_,_,1,1
_,_,1,0
_,_,1,1
_,_,1,1
_,_,1,0
_,_,1,1
_,_,1,1
_,_,1,1
_,_,1,1
_,_,1,1
_,_,1,1
_,_,1,1
_,_,1,1
_,_,1,0
_,_,1,1
_,_,1,0
_,_,1,1
_,_,1,0
_,_,1,0
_,_,1,0
_,_,1,1
_,_,1,0
_,_,1,0
_,_,1,0
_,_,1,1
_,_,1,1
_,_,1,0
_,_,1,0
_,_,1,0
_,_,1,1
_,_,1,0
_,_,1,0
_,_,1,1
_,_,1,1
_,_,1,1
_,_,1,0
_,_,1,1
_,_,1,1
_,_,1,1
_,_,1,1
_,_,1,0
_,_,1,1
_,_,1,1
_,_,1,0
_,_,1,1
_,_,1,1
_,_,1,1
_,_,1,1
_,_,1,1
_,_,1,1
_,_,1,0
_,_,1,1
_,_,1,1
_,_,1,1
_,_,1,1
_,_,1,1
_,_,1,1
_,_,1,0
_,_,1,0
_,_,1,0
_,_,1,1
_,_,1,1
_,_,1,0
_,_,1,1
_,_,1,1
_,_,1,1
_,_,1,1
_,_,1,0
_,_,1,1
_,_,1,0
_,_,1,0
_,_,1,1
_,_,1,0
_,_,1,1
_,_,1,1
_,_,1,1
_,_,1,1
_,_,1,1
_,_,1,1
_,_,1,0
_,_,1,0
_,_,1,1
_,_,1,1
_,_,1,0
_,_,1,0
_,_,1,1
_,_,1,1
_,_,1,0
_,_,1,1
_,_,1,0
_,_,1,1
_,_,1,1
_,_,1,1
_,_,1,1
_,_,1,1
_,_,1,1
_,_,1,1
_,_,1,1
_,_,1,1
_,_,1,1
_,_,1,1
_,_,1,1
_,_,1,1
_,_,1,0
_,_,1,1
_,_,1,0
_,_,1,1
_,_,1,1
_,_,1,1
_,_,1,1
_,_,1,1
_,_,1,1
_,_,1,1
_,_,1,1
_,_,1,1
_,_,1,1
_,_,1,1
_,_,1,1
_,_,1,0
_,_,1,1
_,_,1,1
_,_,1,1
_,_,1,1
_,_,1,1
_,_,1,0
_,_,1,1
_,_,1,0
_,_,1,1
_,_,1,0
_,_,1,1
_,_,1,1
_,_,1,1
_,_,1,0
_,_,1,1
_,_,1,1
_,_,1,1
_,_,1,1
_,_,1,1
_,_,1,1
_,_,1,0
_,_,1,1
_,_,1,0
_,_,1,0
_,_,1,1
_,_,1,1
_,_,1,0
_,_,1,1
_,_,1,1
_,_,1,0
_,_,1,0
_,_,1,1
_,_,1,1
_,_,1,1
_,_,1,0
_,_,1,1
_,_,1,0
_,_,1,1
_,_,1,0
_,_,1,1
_,_,1,1
_,_,1,1
_,_,1,1
_,_,1,1
_,_,1,1
_,_,1,1
_,_,1,1
_,_,1,1
_,_,1,0
_,_,1,1
_,_,1,1
_,_,1,1
_,_,1,0
_,_,1,1
_,_,1,1
_,_,1,1
_,_,1,1
_,_,1,1
_,_,1,0
_,_,1,1
_,_,1,1
_,_,1,1
_,_,1,1
_,_,1,1
_,_,1,1
_,_,1,1
_,_,1,1
_,_,1,1
_,_,1,1
_,_,1,1
_,_,1,0
_,_,1,1
_,_,1,0
_,_,1,1
_,_,1,1
_,_,1,1
_,_,1,1
_,_,1,1
_,_,1,1
_,_,1,1
_,_,1,1
_,_,1,1
_,_,1,1
_,_,1,1
_,_,1,1
_,_,1,1
_,_,1,1
_,_,1,1
_,_,1,1
_,_,1,1
_,_,1,0
_,_,1,1
_,_,1,1
_,_,1,0
_,_,1,1
_,_,1,0
_,_,1,0
_,_,1,1
_,_,1,1
_,_,1,1
_,_,1,1
_,_,1,1
_,_,1,1
_,_,1,1
_,_,1,0
_,_,1,0
_,_,1,1
_,_,1,1
_,_,1,0
_,_,1,1
_,_,1,1
_,_,1,1
_,_,1,1
_,_,1,1
_,_,1,0
_,_,1,1
_,_,1,1
_,_,1,1
_,_,1,1
_,_,1,1
_,_,1,1
_,_,1,1
_,_,1,0
_,_,1,0
_,_,1,0
_,_,1,0
_,_,1,0
_,_,1,1
_,_,1,0
_,_,1,1
_,_,1,1
_,_,1,0
_,_,1,1
_,_,1,1
_,_,1,1
_,_,1,1
_,_,1,1
_,_,1,1
_,_,1,1
_,_,1,1
_,_,1,0
_,_,1,1
_,_,1,1
_,_,1,1
_,_,1,1
_,_,1,1
_,_,1,1
_,_,1,1
_,_,1,1
_,_,1,1
_,_,1,1
_,_,1,1
_,_,1,1
_,_,1,1
_,_,1,1
_,_,1,1
_,_,1,1
_,_,1,0
_,_,1,1
_,_,1,0
_,_,1,1
_,_,1,1
_,_,1,0
_,_,1,0
_,_,1,1
_,_,1,1
_,_,1,1
_,_,1,0
_,_,1,1
_,_,1,0
_,_,1,1
_,_,1,1
_,_,1,1
_,_,1,1
_,_,1,1
_,_,1,1
_,_,1,1
_,_,1,1
_,_,1,1
_,_,1,1
_,_,1,1
_,_,1,0
_,_,1,1
_,_,1,1
_,_,1,1
_,_,1,1
_,_,1,0
_,_,1,1
_,_,1,1
_,_,1,1
_,_,1,1
_,_,1,0
_,_,1,1
_,_,1,1
_,_,1,1
_,_,1,1
_,_,1,0
_,_,1,1
_,_,1,1
_,_,1,1
_,_,1,1
_,_,1,1
_,_,1,1
_,_,1,1
_,_,1,1
_,_,1,1
_,_,1,1
_,_,1,1
_,_,1,1
_,_,1,1
_,_,1,1
_,_,1,1
_,_,1,1
_,_,1,1
_,_,1,0
_,_,1,1
_,_,1,0
_,_,1,1
_,_,1,1
_,_,1,1
_,_,1,1
_,_,1,1
_,_,1,1
_,_,1,1
_,_,1,1
_,_,1,1
_,_,1,1
_,_,1,1
_,_,1,1
_,_,1,1
_,_,1,1
_,_,1,0
_,_,1,0
_,_,1,0
_,_,1,1
_,_,1,1
_,_,1,1
_,_,1,1
_,_,1,1
_,_,1,1
_,_,1,0
_,_,1,1
_,_,1,0
_,_,1,1
_,_,1,1
_,_,1,1
_,_,1,1
_,_,1,1
_,_,1,1
_,_,1,1
_,_,1,1
_,_,1,1
_,_,1,1
_,_,1,1
_,_,1,1
_,_,1,1
_,_,1,1
_,_,1,1
_,_,1,1
_,_,1,0
_,_,1,1
_,_,1,0
_,_,1,1
_,_,1,1
_,_,1,1
_,_,1,0
_,_,1,1
_,_,1,1
_,_,1,1
_,_,1,1
_,_,1,0
_,_,1,1
_,_,1,1
_,_,1,1
_,_,1,1
_,_,1,0
_,_,1,1
_,_,1,0
_,_,1,1
_,_,1,0
_,_,1,0
_,_,1,1
_,_,1,1
_,_,1,0
_,_,1,1
_,_,1,1
_,_,1,0
_,_,1,0
_,_,1,1
_,_,1,0
_,_,1,1
_,_,1,0
_,_,1,1
_,_,1,0
_,_,1,1
_,_,1,1
_,_,1,0
_,_,1,0
_,_,1,0
_,_,1,0
_,_,1,1
_,_,1,1
_,_,1,0
_,_,1,0
_,_,1,1
_,_,1,0
_,_,1,1
_,_,1,1
_,_,1,0
_,_,1,1
_,_,1,0
_,_,1,1
_,_,1,0
_,_,1,1
_,_,1,0
_,_,1,1
_,_,1,1
_,_,1,1
_,_,1,0
_,_,1,0
_,_,1,0
_,_,1,1
_,_,1,0
_,_,1,0
_,_,1,0
_,_,1,1
_,_,1,1
_,_,1,1
_,_,1,0
_,_,1,1
_,_,1,0
_,_,1,0
_,_,1,0
_,_,1,0
_,_,1,1
_,_,1,0
_,_,1,1
_,_,1,1
_,_,1,1
_,_,1,1
_,_,1,0
_,_,1,0
_,_,1,1
_,_,1,1
_,_,1,0
_,_,1,1
_,_,1,0
_,_,1,1
_,_,1,1
_,_,1,1
_,_,1,1
_,_,1,1
_,_,1,0
_,_,1,1
_,_,1,0
_,_,1,1
_,_,1,1
_,_,1,1
_,_,1,0
_,_,1,0
_,_,1,0
_,_,1,1
_,_,1,1
_,_,1,1
_,_,1,0
_,_,1,1
_,_,1,0
_,_,1,1
_,_,1,1
_,_,1,0
_,_,1,1
_,_,1,1
_,_,1,0
_,_,1,1
_,_,1,1
_,_,1,0
_,_,1,1
_,_,1,0
_,_,1,0
_,_,1,0
_,_,1,0
_,_,1,0
_,_,1,0
_,_,1,0
_,_,1,0
_,_,1,1
_,_,1,0
_,_,1,1
_,_,1,0
_,_,1,1
_,_,1,1
_,_,1,0
_,_,1,1
_,_,1,0
_,_,1,1
_,_,1,0
_,_,1,0
_,_,1,1
_,_,1,1
_,_,1,0
_,_,1,0
_,_,1,0
_,_,1,1
_,_,1,1
_,_,1,1
_,_,1,1
_,_,1,1
_,_,1,1
_,_,1,1
_,_,1,1
_,_,1,0
_,_,1,0
_,_,1,1
_,_,1,1
_,_,1,0
_,_,1,0
_,_,1,1
_,_,1,1
_,_,1,0
_,_,1,0
_,_,1,0
_,_,1,1
_,_,1,1
_,_,1,1
_,_,1,0
_,_,1,0
_,_,1,0
_,_,1,1
_,_,1,1
_,_,1,1
_,_,1,1
_,_,1,0
_,_,1,0
_,_,1,0
_,_,1,1
_,_,1,0
_,_,1,1
_,_,1,1
_,_,1,0
_,_,1,1
_,_,1,1
_,_,1,0
_,_,1,1
_,_,1,0
_,_,1,1
_,_,1,1
_,_,1,0
_,_,1,0
_,_,1,1
_,_,1,1
_,_,1,1
_,_,1,0
_,_,1,0
_,_,1,0
_,_,1,1
_,_,1,1
_,_,1,1
_,_,1,0
_,_,1,0
_,_,1,1
_,_,1,1
_,_,1,1
_,_,1,1
_,_,1,1
_,_,1,1
_,_,1,1
_,_,1,1
_,_,1,0
_,_,1,0
_,_,1,1
_,_,1,0
_,_,1,1
_,_,1,1
_,_,1,1
_,_,1,1
_,_,1,1
_,_,1,1
_,_,1,0
_,_,1,0
_,_,1,1
_,_,1,1
_,_,1,0
_,_,1,0
_,_,1,1
_,_,1,0
_,_,1,0
_,_,1,1
_,_,1,1
_,_,1,0
_,_,1,1
_,_,1,1
_,_,1,1
_,_,1,1
_,_,1,1
_,_,1,1
_,_,1,1
_,_,1,1
_,_,1,0
_,_,1,1
_,_,1,1
_,_,1,1
_,_,1,0
_,_,1,1
_,_,1,1
_,_,1,1
_,_,1,1
_,_,1,1
_,_,1,1
_,_,1,1
_,_,1,1
_,_,1,0
_,_,1,1
_,_,1,1
_,_,1,0
_,_,1,1
_,_,1,0
_,_,1,1
_,_,1,1
_,_,1,1
_,_,1,0
_,_,1,0
_,_,1,0
_,_,1,1
_,_,1,1
_,_,1,0
_,_,1,0
_,_,1,1
_,_,1,1
_,_,1,1
_,_,1,0
_,_,1,1
_,_,1,0
_,_,1,1
_,_,1,1
_,_,1,1
_,_,1,1
_,_,1,0
_,_,1,0
_,_,1,1
_,_,1,0
_,_,1,1
_,_,1,1
_,_,1,1
_,_,1,0
_,_,1,1
_,_,1,1
_,_,1,1
_,_,1,1
_,_,1,1
_,_,1,1
_,_,1,0
_,_,1,1
_,_,1,1
_,_,1,1
_,_,1,0
_,_,1,1
_,_,1,1
_,_,1,1
_,_,1,0
_,_,1,1
_,_,1,1
_,_,1,1
_,_,1,1
_,_,1,1
_,_,1,1
_,_,1,1
_,_,1,1
_,_,1,1
_,_,1,1
_,_,1,1
_,_,1,0
_,_,1,1
_,_,1,1
_,_,1,1
_,_,1,0
_,_,1,1
_,_,1,1
_,_,1,1
_,_,1,1
_,_,1,0
_,_,1,1
_,_,1,1
_,_,1,1
_,_,1,0
_,_,1,1
_,_,1,1
_,_,1,1
_,_,1,1
_,_,1,1
_,_,1,0
_,_,1,1
_,_,1,1
_,_,1,1
_,_,1,1
_,_,1,1
_,_,1,0
_,_,1,1
_,_,1,1
_,_,1,1
_,_,1,1
_,_,1,1
_,_,1,1
_,_,1,1
_,_,1,1
_,_,1,1
_,_,1,1
_,_,1,1
_,_,1,0
_,_,1,0
_,_,1,1
_,_,1,1
_,_,1,1
_,_,1,1
_,_,1,1
_,_,1,1
_,_,1,0
_,_,1,0
_,_,1,1
_,_,1,0
_,_,1,1
_,_,1,1
_,_,1,1
_,_,1,0
_,_,1,1
_,_,1,1
_,_,1,0
_,_,1,1
_,_,1,1
_,_,1,1
_,_,1,1
_,_,1,0
_,_,1,1
_,_,1,1
_,_,1,0
_,_,1,1
_,_,1,1
_,_,1,0
_,_,1,1
_,_,1,1
_,_,1,0
_,_,1,1
_,_,1,1
_,_,1,0
_,_,1,1
_,_,1,0
_,_,1,1
_,_,1,1
_,_,1,0
_,_,1,1
_,_,1,1
_,_,1,1
_,_,1,0
_,_,1,0
_,_,1,0
_,_,1,1
_,_,1,0
_,_,1,1
_,_,1,1
_,_,1,0
_,_,1,1
_,_,1,1
_,_,1,1
_,_,1,1
_,_,1,1
_,_,1,0
_,_,1,1
_,_,1,0
_,_,1,0
_,_,1,0
_,_,1,0
_,_,1,1
_,_,1,1
_,_,1,0
_,_,1,0
_,_,1,0
_,_,1,1
_,_,1,1
_,_,1,1
_,_,1,1
_,_,1,1
_,_,1,0
_,_,1,1
_,_,1,1
_,_,1,1
_,_,1,1
_,_,1,1
_,_,1,0
_,_,1,1
_,_,1,0
_,_,1,1
_,_,1,1
_,_,1,1
_,_,1,1
_,_,1,0
_,_,1,1
_,_,1,1
_,_,1,0
_,_,1,1
_,_,1,1
_,_,1,1
_,_,1,1
_,_,1,1
_,_,1,1
_,_,1,1
_,_,1,1
_,_,1,1
_,_,1,1
_,_,1,1
_,_,1,0
_,_,1,1
_,_,1,1
_,_,1,0
_,_,1,0
_,_,1,0
_,_,1,0
_,_,1,1
_,_,1,1
_,_,1,1
_,_,1,0
_,_,1,0
_,_,1,0
_,_,1,1
_,_,1,1
_,_,1,0
_,_,1,0
_,_,1,1
_,_,1,1
_,_,1,1
_,_,1,0
_,_,1,1
_,_,1,1
_,_,1,1
_,_,1,1
_,_,1,1
_,_,1,1
_,_,1,1
_,_,1,1
_,_,1,1
_,_,1,0
_,_,1,1
_,_,1,0
_,_,1,1
_,_,1,1
_,_,1,1
_,_,1,1
_,_,1,1
_,_,1,1
_,_,1,1
_,_,1,1
_,_,1,0
_,_,1,0
_,_,1,1
_,_,1,0
_,_,1,0
_,_,1,1
_,_,1,1
_,_,1,1
_,_,1,0
_,_,1,1
_,_,1,1
_,_,1,1
_,_,1,1
_,_,1,0
_,_,1,1
_,_,1,1
_,_,1,1
_,_,1,0
_,_,1,1
_,_,1,1
_,_,1,1
_,_,1,0
_,_,1,0
_,_,1,1
_,_,1,1
_,_,1,1
_,_,1,1
_,_,1,0
_,_,1,0
_,_,1,0
_,_,1,0
_,_,1,1
_,_,1,1
_,_,1,0
_,_,1,1
_,_,1,1
_,_,1,0
_,_,1,1
_,_,1,1
_,_,1,1
_,_,1,1
_,_,1,1
_,_,1,1
_,_,1,1
_,_,1,1
_,_,1,1
_,_,1,1
_,_,1,1
_,_,1,1
_,_,1,1
_,_,1,1
_,_,1,0
_,_,1,1
_,_,1,1
_,_,1,1
_,_,1,1
_,_,1,1
_,_,1,1
_,_,1,1
_,_,1,1
_,_,1,1
_,_,1,1
_,_,1,0
_,_,1,1
_,_,1,1
_,_,1,1
_,_,1,1
_,_,1,0
_,_,1,1
_,_,1,1
_,_,1,0
_,_,1,1
_,_,1,0
_,_,1,0
_,_,1,1
_,_,1,1
_,_,1,1
_,_,1,1
_,_,1,1
_,_,1,0
_,_,1,0
_,_,1,0
_,_,1,0
_,_,1,1
_,_,1,1
_,_,1,1
_,_,1,1
_,_,1,0
_,_,1,1
_,_,1,0
_,_,1,1
_,_,1,1
_,_,1,1
_,_,1,1
_,_,1,1
_,_,1,1
_,_,1,1
_,_,1,0
_,_,1,0
_,_,1,1
_,_,1,1
_,_,1,0
_,_,1,1
_,_,1,1
_,_,1,1
_,_,1,0
_,_,1,1
_,_,1,0
_,_,1,1
_,_,1,1
_,_,1,1
_,_,1,0
_,_,1,0
_,_,1,1
_,_,1,0
_,_,1,0
_,_,1,1
_,_,1,0
_,_,1,1
_,_,1,0
_,_,1,1
_,_,1,1
_,_,1,1
_,_,1,0
_,_,1,1
_,_,1,1
_,_,1,1
_,_,1,1
_,_,1,0
_,_,1,1
_,_,1,0
_,_,1,1
_,_,1,0
_,_,1,1
_,_,1,0
_,_,1,1
_,_,1,1
_,_,1,0
_,_,1,0
_,_,1,1
_,_,1,1
_,_,1,1
_,_,1,1
_,_,1,0
_,_,1,1
_,_,1,0
_,_,1,1
_,_,1,1
_,_,1,1
_,_,1,0
_,_,1,1
_,_,1,1
_,_,1,1
_,_,1,0
_,_,1,0
_,_,1,0
_,_,1,1
_,_,1,0
_,_,1,0
_,_,1,1
_,_,1,0
_,_,1,1
_,_,1,1
_,_,1,0
_,_,1,1
_,_,1,1
_,_,1,0
_,_,1,1
_,_,1,1
_,_,1,1
_,_,1,0
_,_,1,1
_,_,1,1
_,_,1,1
_,_,1,1
_,_,1,0
_,_,1,1
_,_,1,1
_,_,1,1
_,_,1,1
_,_,1,1
_,_,1,1
_,_,1,1
_,_,1,0
_,_,1,1
_,_,1,1
_,_,1,0
_,_,1,1
_,_,1,1
_,_,1,1
_,_,1,1
_,_,1,1
_,_,1,1
_,_,1,1
_,_,1,0
_,_,1,1
_,_,1,1
_,_,1,1
_,_,1,1
_,_,1,1
_,_,1,1
_,_,1,1
_,_,1,1
_,_,1,1
_,_,1,1
_,_,1,1
_,_,1,0
_,_,1,0
_,_,1,0
_,_,1,0
_,_,1,1
_,_,1,0
_,_,1,1
_,_,1,1
_,_,1,0
_,_,1,0
_,_,1,1
_,_,1,1
_,_,1,1
_,_,1,1
_,_,1,0
_,_,1,1
_,_,1,0
_,_,1,0
_,_,1,1
_,_,1,1
_,_,1,1
_,_,1,1
_,_,1,0
_,_,1,1
_,_,1,0
_,_,1,1
_,_,1,0
_,_,1,1
_,_,1,1
_,_,1,1
_,_,1,0
_,_,1,1
_,_,1,0
_,_,1,0
_,_,1,1
_,_,1,0
_,_,1,1
_,_,1,1
_,_,1,0
_,_,1,0
_,_,1,1
_,_,1,1
_,_,1,1
_,_,1,1
_,_,1,1
_,_,1,0
_,_,1,1
_,_,1,1
_,_,1,0
_,_,1,1
_,_,1,1
_,_,1,1
_,_,1,1
_,_,1,0
_,_,1,1
_,_,1,0
_,_,1,1
_,_,1,1
_,_,1,1
_,_,1,1
_,_,1,1
_,_,1,1
_,_,1,1
_,_,1,1
_,_,1,1
_,_,1,1
_,_,1,1
_,_,1,1
_,_,1,0
_,_,1,1
_,_,1,1
_,_,1,1
_,_,1,1
_,_,1,1
_,_,1,1
_,_,1,1
_,_,1,1
_,_,1,1
_,_,1,0
_,_,1,1
_,_,1,1
_,_,1,1
_,_,1,1
_,_,1,1
_,_,1,1
_,_,1,1
_,_,1,0
_,_,1,1
_,_,1,1
_,_,1,0
_,_,1,1
_,_,1,1
_,_,1,1
_,_,1,1
_,_,1,1
_,_,1,1
_,_,1,1
_,_,1,0
_,_,1,0
_,_,1,1
_,_,1,0
_,_,1,1
_,_,1,1
_,_,1,1
_,_,1,1
_,_,1,1
_,_,1,0
_,_,1,1
_,_,1,1
_,_,1,1
_,_,1,0
_,_,1,1
_,_,1,1
_,_,1,1
_,_,1,0
_,_,1,1
_,_,1,1
_,_,1,1
_,_,1,1
_,_,1,1
_,_,1,0
_,_,1,1
_,_,1,1
_,_,1,1
_,_,1,1
_,_,1,1
_,_,1,1
_,_,1,0
_,_,1,1
_,_,1,1
_,_,1,1
_,_,1,1
_,_,1,1
_,_,1,0
_,_,1,1
_,_,1,1
_,_,1,1
_,_,1,0
_,_,1,1
_,_,1,0
_,_,1,0
_,_,1,1
_,_,1,1
_,_,1,1
_,_,1,1
_,_,1,0
_,_,1,1
_,_,1,0
_,_,1,1
_,_,1,0
_,_,1,1
_,_,1,1
_,_,1,1
_,_,1,1
_,_,1,1
_,_,1,1
_,_,1,0
_,_,1,0
_,_,1,1
_,_,1,1
_,_,1,1
_,_,1,1
_,_,1,0
_,_,1,1
_,_,1,1
_,_,1,1
_,_,1,1
_,_,1,1
_,_,1,1
_,_,1,1
_,_,1,1
_,_,1,1
_,_,1,0
_,_,1,1
_,_,1,1
_,_,1,1
_,_,1,1
_,_,1,1
_,_,1,1
_,_,1,1
_,_,1,1
_,_,1,1
_,_,1,0
_,_,1,1
_,_,1,1
_,_,1,1
_,_,1,1
_,_,1,1
_,_,1,0
_,_,1,1
_,_,1,0
_,_,1,0
_,_,1,1
_,_,1,1
_,_,1,1
_,_,1,1
_,_,1,1
_,_,1,1
_,_,1,1
_,_,1,0
_,_,1,0
_,_,1,0
_,_,1,1
_,_,1,1
_,_,1,1
_,_,1,1
_,_,1,0
_,_,1,0
_,_,1,0
_,_,1,1
_,_,1,0
_,_,1,1
_,_,1,1
_,_,1,1
_,_,1,1
_,_,1,1
_,_,1,0
_,_,1,1
_,_,1,0
_,_,1,0
_,_,1,1
_,_,1,1
_,_,1,1
_,_,1,1
_,_,1,1
_,_,1,1
_,_,1,1
_,_,1,1
_,_,1,1
_,_,1,1
_,_,1,1
_,_,1,0
_,_,1,1
_,_,1,0
_,_,1,0
_,_,1,1
_,_,1,0
_,_,1,1
_,_,1,1
_,_,1,1
_,_,1,1
_,_,1,1
_,_,1,1
_,_,1,1
_,_,1,1
_,_,1,1
_,_,1,1
_,_,1,0
_,_,1,1
_,_,1,0
_,_,1,1
_,_,1,1
_,_,1,0
_,_,1,1
_,_,1,1
_,_,1,0
_,_,1,0
_,_,1,1
_,_,1,1
_,_,1,1
_,_,1,1
_,_,1,0
_,_,1,0
_,_,1,1
_,_,1,1
_,_,1,1
_,_,1,0
_,_,1,1
_,_,1,1
_,_,1,1
_,_,1,1
_,_,1,1
_,_,1,0
_,_,1,0
_,_,1,0
_,_,1,1
_,_,1,1
_,_,1,0
_,_,1,0
_,_,1,1
_,_,1,1
_,_,1,1
_,_,1,1
_,_,1,1
_,_,1,1
_,_,1,1
